title,website,operator_address,acc_address,cons_address,percent_power,power,self_stake,fee,blocks_proposed,delegators,power_24_change,governance_votes
üê†stake.fish,stake.fish,cosmosvaloper1sjllsnramtg3ewxqwwrwjxfgc4n4ef9u2lcnj0,cosmos1sjllsnramtg3ewxqwwrwjxfgc4n4ef9u0tvx7u,AC2D56057CD84765E6FBE318979093E8E44AA18F,5.69,10483749.991885,115000,0.04,579020,26127,-210746.160611,27
Binance Staking,https://binance.com,cosmosvaloper156gqf9837u7d4c4678yt3rl4ls9c5vuursrrzf,cosmos156gqf9837u7d4c4678yt3rl4ls9c5vuuxyhkw6,83F47D7747B0F633A6BA0DF49B7DCF61F90AA1B0,5.53,10192249.069230938386433,1.899999,0.025,592164,24286,3874.19554,0
DokiaCapital,https://staking.dokia.cloud,cosmosvaloper14lultfckehtszvzw4ehu0apvsr77afvyju5zzy,cosmos14lultfckehtszvzw4ehu0apvsr77afvyhgqhwh,2199EAE894CA391FA82F01C2C614BFEB103D056C,5.13,9462395.05954,1256597.771429,0.15,434672,3211,690.159654,20
Coinbase Custody,https://custody.coinbase.com,cosmosvaloper1a3yjj7d3qnx4spgvjcwjq9cw9snrrrhu5h6jll,cosmos1a3yjj7d3qnx4spgvjcwjq9cw9snrrrhu3rw8nv,F8C01C0681578AA700D736D675C9992065F65E3E,4.74,8743564.162193,10950,0.2,279335,1996,292.46673,0
Kraken,kraken.com,cosmosvaloper1nm0rrq86ucezaf8uj35pq9fpwr5r82clzyvtd8,cosmos1nm0rrq86ucezaf8uj35pq9fpwr5r82cl8sc7p5,33C99B2E79B887ADA2228E53FB6EA000AB983337,4.34,8008118.572182,7983127.135423,1,229944,2249,16808.312389,0
SG-1,https://sg-1.online,cosmosvaloper196ax4vc0lwpxndu9dyhvca7jhxp70rmcvrj90c,cosmos196ax4vc0lwpxndu9dyhvca7jhxp70rmcfhxsrt,D2D458F9209ECB8CA2AAB1D99E06611B812A8797,4.2,7745663.27794,2642,0.01,112308,32196,16226.978268,23
Polychain,https://polychain.capital,cosmosvaloper14k4pzckkre6uxxyd2lnhnpp8sngys9m6hl6ml7,cosmos14k4pzckkre6uxxyd2lnhnpp8sngys9m6jtwwnd,B1167D0437DB9DF0D533EE2ACDE48107139BDD2E,3.56,6568009.648485,1,0.2,344770,1098,-203.929647,7
Zero Knowledge Validator (ZKV),https://zkvalidator.com/,cosmosvaloper1v5y0tg0jllvxf5c3afml8s3awue0ymju89frut,cosmos1v5y0tg0jllvxf5c3afml8s3awue0ymjuz3aksc,ED509E78097E1306A91FEDE8E85B75D06BDDF6E3,3.55,6540695.610805,9,0.1,321335,1259,2594.136975,13
Paradigm,www.paradigm.xyz,cosmosvaloper19lss6zgdh5vvcpjhfftdghrpsw7a4434elpwpu,cosmos19lss6zgdh5vvcpjhfftdghrpsw7a4434ut4md0,68F27079590DCACC3AC1C4892A1A008F348F596F,3.51,6476408.381638,2,1,243201,1320,461.670027,4
GAME,,cosmosvaloper1qaa9zej9a0ge3ugpx3pxyx602lxh3ztqgfnp42,cosmos1qaa9zej9a0ge3ugpx3pxyx602lxh3ztqda85ee,F59734A896A7689436BC3422244FD862AE189C5C,3.39,6254391.255842,1,0.02,284829,17712,-93225.701357,28
Sikka,sikka.tech,cosmosvaloper1ey69r37gfxvxg62sh4r0ktpuc46pzjrm873ae8,cosmos1ey69r37gfxvxg62sh4r0ktpuc46pzjrmz29g45,679B89785973BE94D4FDF8B66F84A929932E91C5,3.07,5668404.7239249892367897,19900.1903134334241254,0.03,456331,23540,-17475.807503,22
Everstake,https://everstake.one,cosmosvaloper1tflk30mq5vgqjdly92kkhhq3raev2hnz6eete3,cosmos1tflk30mq5vgqjdly92kkhhq3raev2hnzldd74z,1CED30733D1625C89AB698677606D0E37B3676A9,2.58,4763912.349557,277.9,0.05,110983,62831,15815.546689,20
Cosmostation,https://www.cosmostation.io,cosmosvaloper1clpqr4nrk4khgkxj78fcwwh6dl3uw4epsluffn,cosmos1clpqr4nrk4khgkxj78fcwwh6dl3uw4ep4tgu9q,099E2B09583331AFDE35E5FA96673D2CA7DEA316,2.31,4267018.8765,20424.182506,0.089,264337,20185,4413.502704,25
MultiChain Ventures,https://www.multichain-ventures.com,cosmosvaloper1vf44d85es37hwl9f4h9gv0e064m0lla60j9luj,cosmos1vf44d85es37hwl9f4h9gv0e064m0lla62x32sp,51205659A717DFFB96E054F8BD1108730E17AEA7,2.24,4141871.7024075276413852,20,0.02,280644,6395,1987.5613,17
Chorus One,https://chorus.one/,cosmosvaloper15urq2dtp9qce4fyc85m6upwm9xul3049e02707,cosmos15urq2dtp9qce4fyc85m6upwm9xul3049um7trd,31920F9BC3A39B66876CC7D6D5E589E10393BF0E,2.22,4099305.704395,20138.999999,0.075,260917,2252,153.443048,24
P2P.ORG - P2P Validator,https://p2p.org,cosmosvaloper132juzk0gdmwuxvx4phug7m3ymyatxlh9734g4w,cosmos132juzk0gdmwuxvx4phug7m3ymyatxlh9m9paea,DA6AAAA959C9EF88A3EB37B1F107CB2667EBBAAB,2.03,3744927.492574,4963.825622,0.08,175396,1359,658.697215,26
Citadel.one,https://citadel.one,cosmosvaloper1lzhlnpahvznwfv4jmay2tgaha5kmz5qxerarrl,cosmos1lzhlnpahvznwfv4jmay2tgaha5kmz5qxuhfk0v,4EB1282675F724B59026F2173C23F0DC9936F118,1.54,2838497.581949,2194,0.05,44633,11684,-2001.465432,24
B-Harvest,https://bharvest.io,cosmosvaloper10e4vsut6suau8tk9m6dnrm0slgd6npe3jx5xpv,cosmos10e4vsut6suau8tk9m6dnrm0slgd6npe3hjqndl,A6935D877B9776C45B96EEAE526959A3B9A5AB1A,1.5,2773781.5756,10000,0.1,175265,1409,1345.777266,25
Certus One,https://certus.one,cosmosvaloper1qwl879nx9t6kef4supyazayf7vjhennyh568ys,cosmos1qwl879nx9t6kef4supyazayf7vjhennyjqwjgr,B00A6323737F321EB0B8D59C6FD497A14B60938A,1.44,2669324.396568,55100.000001,0.125,216104,4699,778.906399,5
hashtower,http://hashtower.com,cosmosvaloper1ma02nlc7lchu7caufyrrqt4r6v2mpsj90y9wzd,cosmos1ma02nlc7lchu7caufyrrqt4r6v2mpsj92s3mw7,9C17C94F7313BB4D6E064287BEEDE5D3888E8855,1.4,2590144.3361427479198167,1023556.1095068749360498,0.03,147262,4276,-268.138489,0
Cephalopod Equipment,https://cephalopod.equipment,cosmosvaloper16k579jk6yt2cwmqx9dz5xvq9fug2tekvlu9qdv,cosmos16k579jk6yt2cwmqx9dz5xvq9fug2tekv6g34pl,019B9CA2944D3CC36C7C73283EF3D58E56C8A5D4,1.32,2434123.8248724863581234,3000.5225721491023105,0.0811,74652,2687,-2125.322953,22
Forbole,https://forbole.com,cosmosvaloper14kn0kk33szpwus9nh8n87fjel8djx0y070ymmj,cosmos14kn0kk33szpwus9nh8n87fjel8djx0y0mmswhp,671460930CCDC9B06C5D055E4D550EB8DAF2291E,1.18,2183981.674736,20000,0.095,129071,2527,-215.415445,24
InfStones (Infinity Stones),https://infstones.io,cosmosvaloper1sd4tl9aljmmezzudugs7zlaya7pg2895ws8tfs,cosmos1sd4tl9aljmmezzudugs7zlaya7pg2895tyn79r,57713BB7421C7FEB381B863FC87DED5E829AA961,1.15,2129872.72523,63.727777,0.1,88330,850,6.123272,0
Figment,https://figment.io,cosmosvaloper1hjct6q7npsspsg3dgvzk3sdf89spmlpfdn6m9d,cosmos1hjct6q7npsspsg3dgvzk3sdf89spmlpfg8wwf7,D9F8A41B782AA6A66ADC81F953923C7DCE7B6001,1.08,2003379.433094,28799.900021,0.09,216591,3108,810.752174,23
BouBouNode,https://boubounode.com,cosmosvaloper1eh5mwu044gd5ntkkc2xgfg8247mgc56fz4sdg3,cosmos1eh5mwu044gd5ntkkc2xgfg8247mgc56f8pycyz,81965FE8A15FA8078C9202F32E4CFA72F85F2A22,0.99,1841099.0725567905626916,17554.7910671629183465,0.061,109143,536,16.39375,2
iqlusion,iqlusion.io,cosmosvaloper1grgelyng2v6v3t8z87wu3sxgt9m5s03xfytvz7,cosmos1grgelyng2v6v3t8z87wu3sxgt9m5s03xvslewd,95E060D07713070FE9822F6C50BD76BCCBF9F17A,0.96,1784969.0944959524703469,1170007.0006996225770672,0.1,180819,2060,-1043.355482,20
KalpaTech,http://kalpatech.co,cosmosvaloper1ehkfl7palwrh6w2hhr2yfrgrq8jetgucudztfe,cosmos1ehkfl7palwrh6w2hhr2yfrgrq8jetguceek792,D14A542E8756C3A942D9FD8873DC2E9A7798A17F,0.94,1735949.852379,7500,0.1,86967,720,986.541185,24
CoinoneNode,https://coinone.co.kr,cosmosvaloper1te8nxpc2myjfrhaty0dnzdhs5ahdh5agzuym9v,cosmos1te8nxpc2myjfrhaty0dnzdhs5ahdh5ag8gswfl,75DAB316F4CA1367F532AB71A80B7FA65AB69039,0.89,1648401.045211,95923.008235,0.1,126546,1285,-4270.214372,5
ChainLayer,https://www.chainlayer.io,cosmosvaloper1kgddca7qj96z0qcxr2c45z73cfl0c75p7f3s2e,cosmos1kgddca7qj96z0qcxr2c45z73cfl0c75pma99x2,FD5D54E0D9E4768FEA4C0DFFDC89FA96B6657F32,0.83,1533635.7948207874194336,34357.4357431500976893,0.1,69027,621,29.386752,18
Blockpower,http://blockpower.capital/cosmos,cosmosvaloper1rpgtz9pskr5geavkjz02caqmeep7cwwpv73axj,cosmos1rpgtz9pskr5geavkjz02caqmeep7cwwpf29g2p,CC05882978FC5FDD6A7721687E14C0299AE004B8,0.81,1507635.0897618863260736,2.0008018652415333,0.03,150104,2730,75.283953,6
Staking Facilities,stakingfacilities.com,cosmosvaloper1x88j7vp2xnw3zec8ur3g4waxycyz7m0mahdv3p,cosmos1x88j7vp2xnw3zec8ur3g4waxycyz7m0mcreeaj,E800740C68C81B30345C3AE2BA638FA56FF67EEF,0.78,1438212.533428,269967.082078,0.1,100779,736,10.479287,6
0% Fee to 2023 üí∏ | melea.xyz,https://meleatrust.com/,cosmosvaloper1zqgheeawp7cmqk27dgyctd80rd8ryhqs6la9wc,cosmos1zqgheeawp7cmqk27dgyctd80rd8ryhqsltfszt,51DB2566204EE266427EA8A6CB719835AB170BE9,0.78,1443339.601265,30.111111,0,42376,9640,899.809515,19
Provalidator,https://provalidator.com,cosmosvaloper1g48268mu5vfp4wk7dk89r0wdrakm9p5xk0q50k,cosmos1g48268mu5vfp4wk7dk89r0wdrakm9p5xnm5pr9,5A59DC8746FD727FDDD5CBF5CBB90C6F616CCF9B,0.75,1399430.078667,10,0.01,9992,3540,1766.128473,10
ShapeShift DAO,,cosmosvaloper199mlc7fr6ll5t54w7tts7f4s0cvnqgc59nmuxf,cosmos199mlc7fr6ll5t54w7tts7f4s0cvnqgc5q80f26,46A3F8B8393BAA153C40E5722EAE82EA0D48B32D,0.73,1355476.951271,10,0.1,35577,382,728.617735,8
IRISnet-Bianjie,https://irisnet.org/irisnet-bianjie,cosmosvaloper1ssm0d433seakyak8kcf93yefhknjleeds4y3em,cosmos1ssm0d433seakyak8kcf93yefhknjleed4psy4g,696ABC95186FD65A07050C28AB00C9358A315030,0.73,1354910.547154,38600,0.1,111777,755,8.936334,20
zugerselfdelegation,,cosmosvaloper1gdg6qqe5a3u483unqlqsnullja23g0xvqkxtk0,cosmos1gdg6qqe5a3u483unqlqsnullja23g0xv9zj76u,E83BFC436D2CE8DCC9EC0589B2E5B735E37FB85C,0.66,1227378.778791,1,1,31753,172,7937.321504,0
Staked,https://staked.us/,cosmosvaloper1we6knm8qartmmh2r0qfpsz6pq0s7emv3e0meuw,cosmos1we6knm8qartmmh2r0qfpsz6pq0s7emv3um0vsa,7B3A2EFE5B3FCDF819FCF52607314CEFE4754BB6,0.55,1017110.938162,0.103226,0.1,74634,1026,526.148928,2
e-Money.com // validator.network,https://e-money.com,cosmosvaloper1sxx9mszve0gaedz5ld7qdkjkfv8z992ax69k08,cosmos1sxx9mszve0gaedz5ld7qdkjkfv8z992arw3rr5,EE73A19751D58C5EC044C11E3FB7AE685A10D2C1,0.5,939123.2770198022309311,4800,0.1,101086,540,-158.891286,16
strangelove-ventures,https://strangelove.ventures,cosmosvaloper130mdu9a0etmeuw52qfxk73pn0ga6gawkxsrlwf,cosmos130mdu9a0etmeuw52qfxk73pn0ga6gawkryh2z6,D540AB022088612AC74B287D076DBFBC4A377A2E,0.49,917054.8642098208297469,3.9003982239359663,0.05,32542,3656,694.044205,22
Delega Networks‚ôæ ,https://delega.io,cosmosvaloper1uutuwrwt3z2a5z8z3uasml3rftlpmu25aga5c6,cosmos1uutuwrwt3z2a5z8z3uasml3rftlpmu25cufp5f,9DC4012099BE743189074B85E49891AE3B3FEE9B,0.48,893946.817108,11645,0.1,54038,257,15.01414,26
DACM,,cosmosvaloper16fnz0v4cnv5dpnj0p3gaft2q2kzx8z5hfrx6v5,cosmos16fnz0v4cnv5dpnj0p3gaft2q2kzx8z5hvhj0q8,DEA10B19019A13B17D1AB9CAE17321CDAE3B0487,0.47,880431.9546343012602683,91,0.035,6819,303,98.823609,1
Simply Staking,https://www.simply-vc.com.mt,cosmosvaloper124maqmcqv8tquy764ktz7cu0gxnzfw54n3vww8,cosmos124maqmcqv8tquy764ktz7cu0gxnzfw54k9cmz5,7B3D01F754DFF8474ED0E358812FD437E09389DC,0.46,851618.3864,15261,0.07,41112,627,-38.636078,26
Cypher Core,,cosmosvaloper1pjmngrwcsatsuyy8m3qrunaun67sr9x7z5r2qs,cosmos1pjmngrwcsatsuyy8m3qrunaun67sr9x78qhlvr,B0155252D73B7EEB74D2A8CC814397E66970A839,0.46,865803.4873752986146614,13719.8191301397948944,0.1,44026,347,18.0938,25
Swiss Staking,https://swiss-staking.ch,cosmosvaloper1y0us8xvsvfvqkk9c6nt5cfyu5au5tww2ztve7q,cosmos1y0us8xvsvfvqkk9c6nt5cfyu5au5tww28lcvjn,CC87F56B58621811E2B5A47F38C6166E295CE36E,0.43,801970.009244,1,0.01,22667,3924,6.274734,7
01node,https://01node.com,cosmosvaloper17mggn4znyeyg25wd7498qxl7r2jhgue8u4qjcq,cosmos17mggn4znyeyg25wd7498qxl7r2jhgue8ep585n,B4E1085F1C9EBB0EA994452CB1B8124BA89BED1A,0.42,779036.280273,20251,0.1,54044,200,12.099857,10
Atomic Wallet,http://atomicwallet.io/,cosmosvaloper1hjadhj9nqzpye2vkmkz4thahhd0z8dh3udhq74,cosmos1hjadhj9nqzpye2vkmkz4thahhd0z8dh3eer4jx,BB76BC6322C7533A7CCD3AF1C089C7B3971FB012,0.4,751889.385596,1,0.1,15483,11654,283.930347,0
AUDIT.one,https://audit.one,cosmosvaloper1udpsgkgyutgsglauk9vk9rs03a3skc62gup9ny,cosmos1udpsgkgyutgsglauk9vk9rs03a3skc62dg4slh,2A5FECF26C3FB43426AC6B3DB58A5ABC5800F2A0,0.4,747839.870887,2600.008547,0.07,23691,2329,459.116328,19
0base.vc,https://0base.vc,cosmosvaloper1n3mhyp9fvcmuu8l0q8qvjy07x0rql8q46fe2xk,cosmos1n3mhyp9fvcmuu8l0q8qvjy07x0rql8q4ladl29,B31581E9FF571045531370E2D4895A2D6FEDECFB,0.39,729838.381145,40478,0.02,9464,2244,-1438.011454,20
üåê KysenPool Sky ‚òÅÔ∏è ,https://www.kysenpool.io,cosmosvaloper146kwpzhmleafmhtaxulfptyhnvwxzlvm87hwnm,cosmos146kwpzhmleafmhtaxulfptyhnvwxzlvmz2rmlg,9DF8E338C85E879BC84B0AAA28A08B431BD5B548,0.39,720734.5481,4700,0.079,31934,543,15.32,12
ATEAM,nodeateam.com,cosmosvaloper14l0fp639yudfl46zauvv8rkzjgd4u0zk2aseys,cosmos14l0fp639yudfl46zauvv8rkzjgd4u0zk0fyvgr,BAC33F340F3497751F124868F049EC2E8930AC2F,0.38,709875.5526,2.3,0.099,77109,385,-6.73,27
chainflow-cosmos-prodval-01,https://chainflow.io/cosmos,cosmosvaloper1j0vaeh27t4rll7zhmarwcuq8xtrmvqhudrgcky,cosmos1j0vaeh27t4rll7zhmarwcuq8xtrmvqhughud6h,2C9CCC317FB283D54AC748838A64F29106039E51,0.37,690286.889627,23003.559496,0.12,43739,233,-10.996,12
Skystar Capital,,cosmosvaloper1uhnsxv6m83jj3328mhrql7yax3nge5svrv6t6c,cosmos1uhnsxv6m83jj3328mhrql7yax3nge5svxcw7kt,91C823A744DE50F91C17A46B624EDF8F7150A7DD,0.36,668601.8249300964487309,1500,0.1,37384,93,-10.045999,8
Ztake.org,https://ztake.org/,cosmosvaloper102ruvpv2srmunfffxavttxnhezln6fnc54at8c,cosmos102ruvpv2srmunfffxavttxnhezln6fnc3pf7tt,42D6705E716616B4A5442BDAA050B7C6E9FDDE43,0.34,633163.875206998391716,17116.644608,0.07,33816,576,58.492,11
DragonStake,https://dragonstake.io,cosmosvaloper15r4tc0m6hc7z8drq3dzlrtcs6rq2q9l2nvwher,cosmos15r4tc0m6hc7z8drq3dzlrtcs6rq2q9l2kc6z4s,C52ACDB32057F5C731BBDD48460B93C3500DD324,0.33,608471.639198,585.980128,0.09,38351,297,22.086115,20
Liqee,https://liqee.io,cosmosvaloper14jlpmqquh0gste6nzf4dn43kc8h50l6fmx6dfs,cosmos14jlpmqquh0gste6nzf4dn43kc8h50l6f7jwc9r,3E51AA882036D7A70F94F3E86416B7601B78DD8C,0.33,622343.6603111010458927,2.0001000093697916,0.03,6366,2712,503.254099,0
OKEx Pool,http://www.okpool.top,cosmosvaloper19yy989ka5usws6gsd8vl94y7l6ssgdwsrnscjc,cosmos19yy989ka5usws6gsd8vl94y7l6ssgdwsx8yd7t,8E0EE37B7B1A038DD145E30F1EF97DF3619EF429,0.32,606935.442664,0.005,0.1,34096,189,11.4,0
Post Road,,cosmosvaloper19rmlxkqjt950fxl849l49x0me56u9tkd5n5j62,cosmos19rmlxkqjt950fxl849l49x0me56u9tkd38q8ke,D3BC26B1A9DEC8D56B0A3B8ECD23110EC4CD45A7,0.32,606264.241474,0.000001,0.1,195,5,0,0
Stakecito,,cosmosvaloper1k2d9ed9vgfuk2m58a2d80q9u6qljkh4vfaqjfq,cosmos1k2d9ed9vgfuk2m58a2d80q9u6qljkh4vvf589n,E070FA4F050BAF7EA2761C52A6A5715780681939,0.32,595223.508274,670,0.05,6453,4733,-87.816798,10
Allnodes ‚ö°Ô∏è 0% fee,https://www.allnodes.com/atom/staking,cosmosvaloper1n229vhepft6wnkt5tjpwmxdmcnfz55jv3vp77d,cosmos1n229vhepft6wnkt5tjpwmxdmcnfz55jv5c4tj7,25445D0EB353E9050AB11EC6197D5DCB611986DB,0.31,588380.9966455480965847,1.000100010000689,0,11874,7964,1768.136226,0
pe4x72, ,cosmosvaloper1rwh0cxa72d3yle3r4l8gd7vyphrmjy2kpe4x72,cosmos1rwh0cxa72d3yle3r4l8gd7vyphrmjy2kydpnje,C2356622B495725961B5B201A382DD57CD3305EC,0.31,581888.879572,100000,0.2,142729,1058,-66.794794,3
Citizen Cosmos,https://www.citizencosmos.space/,cosmosvaloper1e859xaue4k2jzqw20cv6l7p3tmc378pc3k8g2u,cosmos1e859xaue4k2jzqw20cv6l7p3tmc378pc5znax0,78F1D7A9773FC922739E0A3705A7CA06BEA30883,0.29,547323.3484051081167499,49.277,0.12,14742,303,60.220002,26
Ping.pub,https://ping.pub,cosmosvaloper1jxv0u20scum4trha72c7ltfgfqef6nsch7q6cu,cosmos1jxv0u20scum4trha72c7ltfgfqef6nscj25050,3363E8F97B02ECC00289E72173D827543047ACDA,0.29,541156.727422,15368,0.08,26455,185,45.6,21
Blockdaemon,https://blockdaemon.com/node-marketplace/#staking,cosmosvaloper10nzaaeh2kq28t3nqsh5m8kmyv90vx7ym5mpakx,cosmos10nzaaeh2kq28t3nqsh5m8kmyv90vx7ym304g64,6CB47D786B2F350C13A60BB77D398AC82E900985,0.28,526425.908157243330012,12662.5581640410408047,0.06,8049,267,98.618502,11
üá®üá≠ Vortex.live üü¢,https://vortex.live,cosmosvaloper1gxju9ky3hwxvqqagrl3dxtl49kjpxq6wlqe6m5,cosmos1gxju9ky3hwxvqqagrl3dxtl49kjpxq6w65d0h8,2C2A5E9B9EF903164FA2BD3F140571DDF02A00CC,0.28,530611.195866,1,0.1,8880,80,-1336,14
Compass,http://val.network/,cosmosvaloper1ff0dw8kawsnxkrgj7p65kvw7jxxakyf8n583gx,cosmos1ff0dw8kawsnxkrgj7p65kvw7jxxakyf8kqnyy4,808D6B054A0B6D3FF5F5EAF0A65CFC64C543F833,0.27,511554.1887393459846893,15269.0882138277774429,0.1,30577,210,69.625292,30
StakeWithUs,https://stakewith.us,cosmosvaloper1jlr62guqwrwkdt4m3y00zh2rrsamhjf9num5xr,cosmos1jlr62guqwrwkdt4m3y00zh2rrsamhjf9kg0p2s,1AE0BD432F9A5122474A646325D1AFA6068692E9,0.27,509453.856536,1,0.09,38705,464,-4864.6,24
HyperblocksPro,https://hyperblocks.pro/,cosmosvaloper1ul2me6vukg2vac2p6ltxmqlaa7jywdgt8q76ag,cosmos1ul2me6vukg2vac2p6ltxmqlaa7jywdgtz5203m,49BBFB1BA1A75052E3226E8E1E0EFEB33918B8B2,0.27,498523.8807879029198738,462458.3597751099192382,0.1,59620,252,63,4
Stakin,http://stakin.com/,cosmosvaloper1fhr7e04ct0zslmkzqt9smakg3sxrdve6ulclj2,cosmos1fhr7e04ct0zslmkzqt9smakg3sxrdve6etv27e,52E1646134432BF9532B4881C6ED32E40AE5A2DD,0.26,479667.548129,5015.397,0.05,38248,2491,-42.080064,27
Easy 2 Stake,www.easy2stake.com,cosmosvaloper1e0plfg475phrsvrlzw8gwppeva0zk5yg9fgg8c,cosmos1e0plfg475phrsvrlzw8gwppeva0zk5ygqauatt,C2DDD9700CF5DEC0457DC423829B31EA8FD4F9D4,0.26,490220.70486,6187.126666,0.1,23362,197,-10,17
Staking Fund,https://staking.fund,cosmosvaloper1000ya26q2cmh399q4c5aaacd9lmmdqp90kw2jn,cosmos1000ya26q2cmh399q4c5aaacd9lmmdqp92z6l7q,000AA5ABF590A815EBCBDAE070AFF50BE571EB8B,0.26,479418.308401,100,0.1,31329,279,31.3,23
kytzu,https://www.kytzu.com,cosmosvaloper1wtv0kp6ydt03edd8kyr5arr4f3yc52vp3u2x3u,cosmos1wtv0kp6ydt03edd8kyr5arr4f3yc52vp5g7na0,BF4CB4D59D19D451CF5E7BC49349DF4AA222D78B,0.25,477399.859121,3000,0.1,23723,91,0,27
stakezone,http://stake.zone,cosmosvaloper1lcwxu50rvvgf9v6jy6q5mrzyhlszwtjxhtscmp,cosmos1lcwxu50rvvgf9v6jy6q5mrzyhlszwtjxjlydhj,B2BF68AD4CED6FE8F71AACAD01003436EBE0729F,0.25,475433.587534,56039.874352,0,10095,576,0.546845,14
Imperator.co,https://imperator.co/,cosmosvaloper1vvwtk805lxehwle9l4yudmq6mn0g32px9xtkhc,cosmos1vvwtk805lxehwle9l4yudmq6mn0g32pxqjlrmt,0B42E47F154E24D10184BB12E32347AAC61C6B80,0.25,471220.21997,3,0.01,1774,3939,-52.537094,3
Umbrella ‚òî,https://umbrellavalidator.com,cosmosvaloper1lktjhnzkpkz3ehrg8psvmwhafg56kfss3q3t8m,cosmos1lktjhnzkpkz3ehrg8psvmwhafg56kfss5597tg,EBED694E6CE1224FB1E8A2DD8EE63A38568B1E2B,0.25,473750.17663,666,0.1,47954,306,0,11
syncnode,wallet.syncnode.ro,cosmosvaloper19j2hd230c3hw6ds843yu8akc0xgvdvyuz9v02v,cosmos19j2hd230c3hw6ds843yu8akc0xgvdvyu83c6xl,B543A7DF48780AEFEF593A003CD060B593C4E6B5,0.25,477391.978954,7500,0.1,26786,454,22.1,26
Sentinel,https://sentinel.co,cosmosvaloper1u6ddcsjueax884l3tfrs66497c7g86skn7pa0u,cosmos1u6ddcsjueax884l3tfrs66497c7g86skk24gr0,5AB353B748D45F20DFCE19D73BA89F26E1C34CF7,0.25,473528.6948917710771273,3.2970993996821217,0.2,30208,1317,38.364509,9
commercio.network,https://commercio.network,cosmosvaloper1fqzqejwkk898fcslw4z4eeqjzesynvrdfr5hte,cosmos1fqzqejwkk898fcslw4z4eeqjzesynvrdvhqz82,D7F7C79487C10A5CF1ABEB1DBD81E8D49757C422,0.23,437177.392039,3948,0.09,25259,165,-15,7
stake.systems,https://stake.systems,cosmosvaloper1ualhu3fjgg77g485gmyswkq3w0dp7gys6qzwrv,cosmos1ualhu3fjgg77g485gmyswkq3w0dp7gysl5km0l,25A9D452D35F12050ADEE6B31934BB85C2817D76,0.23,432440.615076,1500,0.1,14080,112,-6.9,17
cosmosgbt,,cosmosvaloper1x8rr4hcf54nz6hfckyy2n05sxss54h8wz9puzg,cosmos1x8rr4hcf54nz6hfckyy2n05sxss54h8w834fwm,399671C2FE4B2714EC6E87D4EE454EF15F33AA2A,0.22,421805.7392925379583217,2,0,26992,501,-64.973813,0
nylira.net,https://nylira.net,cosmosvaloper13sduv92y3xdhy3rpmhakrc3v7t37e7ps9l0kpv,cosmos13sduv92y3xdhy3rpmhakrc3v7t37e7psqtmrdl,A4F1D5534F3FA905A4DA606E8A10834976511FF7,0.21,398284.4882547744279679,21851.7164198497181624,0.1,45662,190,4,19
Witval,https://www.vitwit.com,cosmosvaloper1ddle9tczl87gsvmeva3c48nenyng4n56nghmjk,cosmos1ddle9tczl87gsvmeva3c48nenyng4n56kurw79,6EA863B44BA369F739E65595770DAB92C89A9212,0.2,380026.842715,9079,0.04,6768,449,503.583649,13
UbikCapital(0%Commission),ubik.capital,cosmosvaloper1q6d3d089hg59x6gcx92uumx70s5y5wadklue8s,cosmos1q6d3d089hg59x6gcx92uumx70s5y5wadntgvtr,0ABBA36C54DD0CA6A790AEF96A01D4392E36345F,0.2,382957.349987,116,0,4357,2019,14.549946,16
FreshATOMS.com,https://freshatoms.com,cosmosvaloper17h2x3j7u44qkrq0sk8ul0r2qr440rwgjkfg0gh,cosmos17h2x3j7u44qkrq0sk8ul0r2qr440rwgjnau6yy,21223475CE86F3C7CD5E985AA88FC24A29C97813,0.2,381592.217844,500,0.0299,22468,1438,34.590735,19
üê°grant.fish,http://grant.fish,cosmosvaloper1xym2qygmr9vanpa0m7ndk3n0qxgey3ffzcyd5c,cosmos1xym2qygmr9vanpa0m7ndk3n0qxgey3ff8vscct,24935D59FAA94E793652CBF4716C6041CD7AA400,0.2,384731.989932,100000,1,16803,182,240.0857,10
Huobi,https://www.huobi.com,cosmosvaloper1kn3wugetjuy4zetlq6wadchfhvu3x740ae6z6x,cosmos1kn3wugetjuy4zetlq6wadchfhvu3x740cdwhk4,8FE3CFFA6A07B093E441BB84DA1B6DABF53AFA2D,0.19,356396.626946,1,0.04,76643,294,30.177852,1
WeStaking,https://www.westaking.io,cosmosvaloper1ptyzewnns2kn37ewtmv6ppsvhdnmeapvtfc9y5,cosmos1ptyzewnns2kn37ewtmv6ppsvhdnmeapvwavsg8,68F5BBEACEF114C720EA9C98BFA2FFDE01C54FD1,0.17,315174.530397,35000,0.03,31709,2372,540.821339,29
DEBO,,cosmosvaloper1z66j0z75a9flwnez7sa8jxx46cqu4rfhd9q82w,cosmos1z66j0z75a9flwnez7sa8jxx46cqu4rfhg35jxa,05859E9862A6680DBEAB510362C10B1661B9743A,0.17,317506.356156,10001,0.02,69864,1537,121.963751,24
zoomerlabs,https://www.zoomerlabs.com/,cosmosvaloper1urxrvt5dmkqpe50gwrerjly2z6nvk9exjz2j3h,cosmos1urxrvt5dmkqpe50gwrerjly2z6nvk9exhk78ay,A47115C09F846F46F499F381B35B452725204987,0.15,286700.7849607507577237,502.0502050122501947,0.1,6688,159,0.002,6
Â§©ÁÖß‚òÄ,,cosmosvaloper1dt93l3qgmhhlp97srjyqyendrgu9nx0suxtwe8,cosmos1dt93l3qgmhhlp97srjyqyendrgu9nx0sejlm45,8011772ED7DDF2CC9CD7A48C8C0AA2486E9F4E97,0.15,280926.6782593340599796,128.0128011908508233,0.0099,3927,318,-5639.908992,21
Genesis Lab,https://genesislab.net,cosmosvaloper1wdrypwex63geqswmcy5qynv4w3z3dyef2qmyna,cosmos1wdrypwex63geqswmcy5qynv4w3z3dyef0503lw,2B9A55D3BF93D7375DD207B75C5ED4D2B91D9146,0.14,262405.795651,510.317,0.07,17863,379,-16.414522,21
HashQuark,https://www.hashquark.io,cosmosvaloper1cgh5ksjwy2sd407lyre4l3uj2fdrqhpkzp06e6,cosmos1cgh5ksjwy2sd407lyre4l3uj2fdrqhpk84m04f,B0765A2F6FCC11D8AC46275FAC06DD35F54217C1,0.14,263116.39975,7,0.1,31172,585,-0.0955,0
DeFi Wallet,https://crypto.com/en/defi/wallet/,cosmosvaloper1keltez56g3zm9w8wr8gcmmulze48g2q3usuw8c,cosmos1keltez56g3zm9w8wr8gcmmulze48g2q3eygmtt,CC5CE2418DA85C78D7F89FECAAB08DDCE314C0CC,0.14,259374.703901,2,0.07,4819,5219,-1077.905235,5
omega3,,cosmosvaloper1s6t3wzx6mcv3pjg5fp2ddzplm3gj4pg6d330wg,cosmos1s6t3wzx6mcv3pjg5fp2ddzplm3gj4pg6g996zm,5731848E19257705AA28CC7EFAA8C708EE014D52,0.13,239912.543599,1,0.2,13001,35,0.002,10
Mythos,https://mythos.services,cosmosvaloper1w0330zv7quttes76vmdhda3tnz045uqs37wfx0,cosmos1w0330zv7quttes76vmdhda3tnz045uqs526u2u,F80083B183C4019925C72B5F482F2246AC2D4394,0.13,248441.294558,10,0.15,9900,50,0.002,0
Wolf 1,,cosmosvaloper1v6fqxzhzvvjgqmcreffvvvazvws46pwcvyaw4x,cosmos1v6fqxzhzvvjgqmcreffvvvazvws46pwcfsfme4,9DEEBCA40A6E9B78E97E44026D5B42C2F042E0EC,0.13,242001.954462,2,1,1752,13,0.002,0
Stargaze,https://replicator.network,cosmosvaloper1et77usu8q2hargvyusl4qzryev8x8t9wwqkxfs,cosmos1et77usu8q2hargvyusl4qzryev8x8t9wt5zn9r,8C8802A921114169D2581CD46E3CA6853F6F2A7F,0.13,255345.4388623539926681,25136.158008,0.1,7717,2845,619.246707,15
firstblock,https://firstblock.io,cosmosvaloper1s65zmn32zugl57ysj47s7vmfcek0rtd7he7wde,cosmos1s65zmn32zugl57ysj47s7vmfcek0rtd7jd2mp2,732CEEF54C374DDC6ADECBFD707AEFD07FEDC143,0.13,255535.8237189163633483,1.0269270048689328,0.2,11093,61,20.09575,0
noma,,cosmosvaloper1r8kyvg4me2upnvlk26n2ay0zd5t4jktna8hhxp,cosmos1r8kyvg4me2upnvlk26n2ay0zd5t4jktncnrz2j,2C528D2345ED6E953C1C0819E2C3A01ABFCBA557,0.13,245233.234925,1,0.2,13273,42,0.002,10
vAligators,,cosmosvaloper1dqp325was50l7ut2lnx6s8xhmtwj3wrtx06gzu,cosmos1dqp325was50l7ut2lnx6s8xhmtwj3wrtrmwaw0,F9449693BE48294ECFFF47F5AFB3C31C1DFAB313,0.12,233897.003571,1,0.1,211,14,0.002,0
BlockMatrix üöÄ,https://blockmatrix.network,cosmosvaloper1n5pu2rtz4e2skaeatcmlexza7kheedzh8a2680,cosmos1n5pu2rtz4e2skaeatcmlexza7kheedzhzf70tu,B34591DA79AAD0213534E2E915F50DE5CDBDF250,0.12,237224.5685687376972697,3.557908,0.15,17928,39,0.002,0
2nd only to Certus One in GoS,https://wallet.keplr.app/#/cosmoshub/stake?modal=detail&validator=cosmosvaloper1rcp29q3hpd246n6qak7jluqep4v006cdsc2kkl,cosmosvaloper1rcp29q3hpd246n6qak7jluqep4v006cdsc2kkl,cosmos1rcp29q3hpd246n6qak7jluqep4v006cd4v7r6v,000001E443FD237E4B616E2FA69DF4EE3D49A94F,0.12,239276.230851,10000,1,12934,64,0.002,16
#decentralizehk,https://decentralizehk.org/,cosmosvaloper1m73mgwn3cm2e8x9a9axa0kw8nqz8a492ms63vn,cosmos1m73mgwn3cm2e8x9a9axa0kw8nqz8a4927ywyqq,6BD4705021332A90B92397D8D72CA3950CB858EB,0.11,215698.4856109512472099,60.6276626877448084,0.05,2426,1371,1741.339575,10
blockscape,https://blockscape.network/,cosmosvaloper13x77yexvf6qexfjg9czp6jhpv7vpjdwwkyhe4p,cosmos13x77yexvf6qexfjg9czp6jhpv7vpjdwwnsrvej,48FD560D3CB0B552924CBC0F9C2BA68883FA1135,0.11,215482.797476,5063.951657,0.05,7666,114,46.397461,22
Wetez,https://www.wetez.io,cosmosvaloper1s05va5d09xlq3et8mapsesqh6r5lqy7mkhwshm,cosmos1s05va5d09xlq3et8mapsesqh6r5lqy7mnr69mg,4C92230FAC162303D981C06DD22663A4FC7622BC,0.11,220053.457544,321.000928,0.1,21219,108,3079.53123,3
Cosmic Validator,https://cosmicvalidator.com/,cosmosvaloper1de7qx00pz2j6gn9k88ntxxylelkazfk3g8fgh9,cosmos1de7qx00pz2j6gn9k88ntxxylelkazfk3dnaamk,407F144D1C9DEA4EE6A8CBC2D4C022A657506B83,0.11,216193.8834414206961302,3818.5575367871004561,0.25,17235,212,-71.778311,26
lunamint,https://lunamint.com,cosmosvaloper1ec3p6a75mqwkv33zt543n6cnxqwun37rr5xlqv,cosmos1ec3p6a75mqwkv33zt543n6cnxqwun37rxqj2vl,70C5B4E6779C59A24CFD9146581E27021C2AEC26,0.1,187002.562928,10,0.15,34488,3269,9.002,15
kochacolaj,https://blog.cosmos.network/game-of-stakes-closing-ceremonies-eddb71d3b114#147d,cosmosvaloper1emaa7mwgpnpmc7yptm728ytp9quamsvu837nc0,cosmos1emaa7mwgpnpmc7yptm728ytp9quamsvuz92x5u,1E9CE94FD0BA5CFEB901F90BC658D64D85B134D2,0.1,184944.114566,5000,1,16244,20,0.263544,16
MathWalletÈ∫¶Â≠êÈí±ÂåÖ,https://mathwallet.org,cosmosvaloper1x065cjlgejk2p2la0029akfvdy52gtq9mm58ta,cosmos1x065cjlgejk2p2la0029akfvdy52gtq970qj8w,955A47C8AC8632825DD475E90913D40AB09D3FB4,0.09,168969.2256739168378931,1.2,0.1,8404,104,0.1255,0
Stir,https://stir.network,cosmosvaloper1d0aup392g3enru7eash83sedqclaxvp7fzh6gk,cosmos1d0aup392g3enru7eash83sedqclaxvp7vkr0y9,818964B4FB36D28109C3E853778B33231B27C5FC,0.09,166235.8991860536518544,10821.0821016920814713,0.1,12574,224,21.833035,8
Stake Capital,https://stake.capital,cosmosvaloper1k9a0cs97vul8w2vwknlfmpez6prv8klv03lv3d,cosmos1k9a0cs97vul8w2vwknlfmpez6prv8klv29tea7,FA0E5DFACCDCF74957A742144FE55BE61D433377,0.09,178158.3875383512956133,0.443253,0.08,22183,155,-2565.000418,1
AIR DROP STATION,,cosmosvaloper1485u80fdxjan4sd3esrvyw6cyurpvddvzuh48y,cosmos1485u80fdxjan4sd3esrvyw6cyurpvddv8grqth,7E62F46CBCE9FB1DE5446006D6D2EEFB82348DA0,0.09,176946.027461,1,0,255,299,3023.552303,1
Huobi-1,https://www.huobi.com/,cosmosvaloper12w6tynmjzq4l8zdla3v4x0jt8lt4rcz5gk7zg2,cosmos12w6tynmjzq4l8zdla3v4x0jt8lt4rcz5dz2hye,4AF69D6A5436C30E3584C1628433DE55E758BCCA,0.09,181248.0391955996729593,2,0.01,96370,805,5.678623,2
SmartStake 0% till Apr 2022,www.smartstake.io,cosmosvaloper18extdhzzl5c8tr6453e5hzaj3exrdlea90fj3y,cosmos18extdhzzl5c8tr6453e5hzaj3exrdleaqma8ah,12C2AA0DE66FA3F9D664D03D5D6F6D8216B6DA81,0.09,171841.768128,1556,0,1067,2389,228.31141,1
Castlenode,https://www.castlenode.com/cosmos,cosmosvaloper1qs8tnw2t8l6amtzvdemnnsq9dzk0ag0z52uzay,cosmos1qs8tnw2t8l6amtzvdemnnsq9dzk0ag0z37gh3h,9EE94DBB86F72337192BF291B0E767FD2729F00A,0.09,178910.459822,1,0.09,41731,1674,78.333288,3
KIRA Staking,https://kiracore.com,cosmosvaloper16qme5yxucnaj6snx35nmwze0wyxr8wfgqxsqfw,cosmos16qme5yxucnaj6snx35nmwze0wyxr8wfg9jy49a,6F322BAF5D73D5C77271941901B1D866476D5C90,0.08,161877.123657,1,0.09,21055,144,-5.768808,2
notional,,cosmosvaloper1083svrca4t350mphfv9x45wq9asrs60cdmrflj,cosmos1083svrca4t350mphfv9x45wq9asrs60cg0hunp,1BB296700D6FCF2318AADA2D098E4D40479B6C7E,0.08,158551.993853,3528.044186,0.0969,731,301,34.74,7
Any Labs,https://anylabs.io,cosmosvaloper1648ynlpdw7fqa2axt0w2yp3fk542junl7rsvq6,cosmos1648ynlpdw7fqa2axt0w2yp3fk542junlmhyevf,B4999CD535E4CD32B590BEB47020A724F40B65E5,0.08,151159.3117716857147921,1.0001008783659942,0.02,35806,523,-4269.130941,0
Blockscale,https://blockscale.net,cosmosvaloper1s7jnk7t6yqzensdgpvkvkag022udk842qdjdtd,cosmos1s7jnk7t6yqzensdgpvkvkag022udk8429exc87,4E9CB39F4B1FA617339744A5600B62802652D69C,0.07,141257.2931974047419704,15035.6559389832778722,0.25,9829,54,18.593344,3
cros-nest,http://www.cros-nest.com,cosmosvaloper1fsg635n5vgc7jazz9sx5725wnc3xqgr7awxaag,cosmos1fsg635n5vgc7jazz9sx5725wnc3xqgr7c6jg3m,BBE55ED9B2E416E2B37C13BBEE9CD6E7AE314716,0.07,134914.298117,1147.900001,0.02,679,1585,-514.391611,1
Moonstake,https://www.moonstake.io/,cosmosvaloper125umsz3fws7gepn5ccsh0sv4gre9r6a3tccz4r,cosmos125umsz3fws7gepn5ccsh0sv4gre9r6a3wvvhes,2A9135E88160AF052C9ABBB3F6301D7D99E23848,0.07,136702.3808609885944227,1,0.03,7572,1212,1075.574786,0
Cosmos Suisse,https://cosmos-suisse.com,cosmosvaloper1p650epkdwj0jte6sjc3ep0n3wz6jc9ehh8jutg,cosmos1p650epkdwj0jte6sjc3ep0n3wz6jc9ehjnxf8m,F55714243D32FB65B6D95A29D0350EA0CABBA8EA,0.06,119997.5632782746427662,10.9771940664348086,0.5,5580,383,4.45383,4
Rockaway Blockchain Fund,https://rbf.capital/staking,cosmosvaloper1thl5syhmscgnj7whdyrydw3w6vy80044hjpnxh,cosmos1thl5syhmscgnj7whdyrydw3w6vy80044jx4x2y,29067DFE3352A40481DB7D11EE44B10A10FC4290,0.06,118358.716142,1,0.06,348,39,31.0015,0
0% Fee to 2023 | Stakewolle.com,https://stakewolle.com/,cosmosvaloper1gf4wlkutql95j7wwsxz490s6fahlvk2s9xpwax,cosmos1gf4wlkutql95j7wwsxz490s6fahlvk2sqj4m34,D5EDC934314C89B45952620E9C992B1DC9018442,0.06,120451.584713,1,0,365,1634,1191.893248,1
POSTHUMAN‚àûDVS,https://posthuman.digital,cosmosvaloper157v7tczs40axfgejp2m43kwuzqe0wsy0rv8puv,cosmos157v7tczs40axfgejp2m43kwuzqe0wsy0xcn5sl,B9ECE1D7B4DD80E868263EA3AAF272B9C7F1292D,0.06,116310.067119,1,0.01,350,3776,1990.181491,3
 CRAFT Airdrop Bonus | Lavender.Five Nodes üêù,http://www.lavenderfive.com/,cosmosvaloper140l6y2gp3gxvay6qtn70re7z2s0gn57zfd832j,cosmos140l6y2gp3gxvay6qtn70re7z2s0gn57zvenyxp,C5327D64CDF4A04BE1206E65F5B61D44923630E6,0.06,119457.136212,8,0.05,276,1581,1188.13383,0
tokenweb,https://tokenweb.io,cosmosvaloper1kgquh04ffqvadekf6e47070gskm0s0h28cl7ht,cosmos1kgquh04ffqvadekf6e47070gskm0s0h2zvttmc,99304AA9AEEC13FCEF0FF72DFC8953273FE559BC,0.06,126717.9694414815190474,10.0100164171352943,0.2,3794,49,0,0
Bison Trails,bisontrails.co,cosmosvaloper1crqm3598z6qmyn2kkcl9dz7uqs4qdqnr6s8jdn,cosmos1crqm3598z6qmyn2kkcl9dz7uqs4qdqnrlyn8pq,846BE4F39E3122D2A2D3FE5454E2561073E95538,0.05,108840.559492922701715,16321.6007569047776371,0.08,11423,696,43.934974,3
SmartNodes,https://smartnodes.one,cosmosvaloper1hdrlqvyjfy5sdrseecjrutyws9khtxxaux62l7,cosmos1hdrlqvyjfy5sdrseecjrutyws9khtxxaejwlnd,B4CC03F2ACA22C43DE1ED385A104BA86B7462792,0.05,97473.3352782064687494,55,0.05,360,1967,619.456375,2
Bi23 Labs,https://bi23.com,cosmosvaloper1hvsdf03tl6w5pnfvfv5g8uphjd4wfw2h4gvnl7,cosmos1hvsdf03tl6w5pnfvfv5g8uphjd4wfw2hsucxnd,874D6AA838384A79A3D4D062541F91BF7E31BDBA,0.05,100968.7679223904246976,21.0138188730381242,0.5,5111,88,5.418936,12
Tavis Digital,https://tavis-digital.com,cosmosvaloper10f9wkd6vdspac05djyfwfx0uxcqxapnqhnkcg8,cosmos10f9wkd6vdspac05djyfwfx0uxcqxapnqj8zdy5,569B09EA3D9607C5F1A38DED81CED264C7AA94CB,0.05,95413.360075,575,0.05,2237,571,11.48765,7
DappPub,https://dapp.pub,cosmosvaloper1wauge4px27c257nfn4k3329wteddqw7gs3n66u,cosmos1wauge4px27c257nfn4k3329wteddqw7g4980k0,AC885F3EE81E7ED07FE7B2E067443A855F997BA1,0.05,103067.6104900194605998,1.01,0.1,3235,56,0,1
1ED471CB34E3,,cosmosvaloper1fypv7c7z3auv7w48qn76538w55jdk66xt5a3lk,cosmos1fypv7c7z3auv7w48qn76538w55jdk66xwqfyn9,1ED471CB34E38311145098D80361434558F2F1C7,0.05,109831.894941,10,0.1,3262,29,0,0
dForce,,cosmosvaloper1cc99d3xcukhedg4wcw53j7a9q68uza707vpfe7,cosmos1cc99d3xcukhedg4wcw53j7a9q68uza70mc4u4d,84B3D8922BA2F24A39477EC14957991BE1AE7765,0.05,103143.031084,1,0.03,46,6,0,0
Dawns.World,https://dawns.world,cosmosvaloper1ktecz4dr56j9tsfh7nwg8s9suvhfu70qykhu5s,cosmos1ktecz4dr56j9tsfh7nwg8s9suvhfu70qpzrfcr,2CD6A3523F5D61573EF1E3654B421AD211CFE8DC,0.04,75362.9338525456286492,10002.0001009699938237,0.01,613,239,25.037387,14
StakeLab,https://www.stakelab.fr,cosmosvaloper1gpx52r9h3zeul45amvcy2pysgvcwddxrgx6cnv,cosmos1gpx52r9h3zeul45amvcy2pysgvcwddxrdjwdll,170FEFD6D7F4A69AAE70A24415FC4E2C928DE2E5,0.04,74506.428063,1.055,0.01,411,941,179.358449,2
	EZStaking.io,https://ezstaking.io,cosmosvaloper1gjtvly9lel6zskvwtvlg5vhwpu9c9waw7sxzwx,cosmos1gjtvly9lel6zskvwtvlg5vhwpu9c9wawmyjhz4,B236B2A23AD716A9D8D856A0CBA762F323515C5F,0.04,79538.067385,186.421577,0.01,243,702,60.694851,3
Tessellated Geometry,http://tessellatedgeometry.com,cosmosvaloper1fun809ksxh87nzf88yashp9ynjz6xkscrtvzvw,cosmos1fun809ksxh87nzf88yashp9ynjz6xkscxlchqa,A7D9E6DB8CA5E46A61AC36235D4C8185F7BF11A4,0.04,75151.3577393245404326,11.42873,0.05,2094,120,10.1,15
Newroad Network,https://newroad.network/cosmos/,cosmosvaloper1wp9jne5t3e4au7u8gfep90g59j0qdhpeqvlg7n,cosmos1wp9jne5t3e4au7u8gfep90g59j0qdhpe9ctajq,C4903229B9EAD415C79E8FA69D2BBA6117617C41,0.04,90239.134422,2.97,0.12,5264,107,0,3
SNZPool,https://snzholding.com,cosmosvaloper1s6x9fy4wc49wj9jx4jv6czredqsmp46h7vnk2q,cosmos1s6x9fy4wc49wj9jx4jv6czredqsmp46hmc8rxn,F919902709B7482F01C030E8B57BF93B8D87043B,0.03,63139.584678,10,0.1,17587,28,0,0
Just-Mining,https://just-mining.com,cosmosvaloper1wrx0x9m9ykdhw9sg04v7uljme53wuj03aa5d4f,cosmos1wrx0x9m9ykdhw9sg04v7uljme53wuj03cfqce6,D269A81C7741F458C31DB7FB14C58176421FB2F8,0.03,55465.4332668106483975,2,0.01,591,790,1322.417001,0
Validating Chaos - üååüñ§ NFTs to delegators,,cosmosvaloper1kg99k8wd67r0ffxwavgnxup7yk46rvttxc53j7,cosmos1kg99k8wd67r0ffxwavgnxup7yk46rvttrvqy7d,C5F06BB9C9FA1A95C29BDA8C30D5DC7210AF2166,0.03,56381.0116542928209574,10233.9184016283389734,0.01,244,552,541.489672,4
Secure Secrets,https://securesecrets.org,cosmosvaloper15ytx6mflyrxynjerqlud6w646v6u3qvtjtfane,cosmos15ytx6mflyrxynjerqlud6w646v6u3qvthlagl2,024634CE97B8FC3F6C6964B9504295C87BD334F8,0.03,67601.50118,5,0.05,564,565,614.472634,3
MANTRA DAO,https://mantradao.com,cosmosvaloper103agss48504gkk3la5xcg5kxplaf6ttnuv234h,cosmos103agss48504gkk3la5xcg5kxplaf6ttnec7yey,00CCEECFD01B2D333A1B56ABF7CFF8A6B8ED25B1,0.03,62046.412784,888,0.02,556,1013,-20.228129,6
Blocks United | info@blocksunited.com,,cosmosvaloper1jmykcq8gylmy5tgqtel4xj4q62fdt49sl584xd,cosmos1jmykcq8gylmy5tgqtel4xj4q62fdt49s6qnq27,6E2234F881817A7DB997D59400518591F692A14C,0.03,60781.2061292580941582,500,0.02,287,1994,-264.086485,0
NEOPLY,https://neoply.io,cosmosvaloper142w8q2l0gxsfna72gq8t7e4ee4ul37e9htgtxx,cosmos142w8q2l0gxsfna72gq8t7e4ee4ul37e9jlu724,2C882D57565E86A9EEC3433B15025F8F96318453,0.03,65097.728372,1,1,1560,29,0,1
ü§ë uGaenn ‚õÖ,ugaenn.io,cosmosvaloper1wlpz5hau2ezu0gmuxav63m53d8s77az9wfzlt6,cosmos1wlpz5hau2ezu0gmuxav63m53d8s77az9tak28f,A3C7C04D620EAA337775F003B8D0981581676331,0.03,64977.933278,1.2,0.03,114,38,0,0
DLINODES.COM,‚Äúhttps://dlinodes.com‚Äù,cosmosvaloper1k4mtqv0y964set0ayr8e09r54mpqs4xfw0ysew,cosmos1k4mtqv0y964set0ayr8e09r54mpqs4xftms94a,F6CA0B14D98D69D1FAA1B19E250D03BEF7DD9541,0.03,63075.2356278060493469,0.0000008474078918,0.1,972,10,0,1
CryptoCrew Validators ‚úÖ,https://ccvalidators.com,cosmosvaloper14qazscc80zgzx3m0m0aa30ths0p9hg8vdglqrc,cosmos14qazscc80zgzx3m0m0aa30ths0p9hg8vgut40t,9713818DA540B2AD40CD3A821865F1CA288A1BAA,0.03,71071.397381,102.7,0.05,256,326,211.62906,3
Stakely.io,https://stakely.io,cosmosvaloper16yupepagywvlk7uhpfchtwa0stu5f8cyhh54f2,cosmos16yupepagywvlk7uhpfchtwa0stu5f8cyjrqq9e,BDB046259EB7FB74A28015E31E64CEE9F0802199,0.03,59083.203647,63,0.01,196,993,1827.869161,3
Nodeasy.com,https://www.nodeasy.com,cosmosvaloper1mykn77lkynl8fkwvl9tqg369u0zajzzcdhkptq,cosmos1mykn77lkynl8fkwvl9tqg369u0zajzzcgrz58n,EB1DF22507B79CE700F86C4C8B13D7DF01DFDA9C,0.03,66244.2552168877380464,100,0.1,5246,47,0,12
StarCluster,https://starcluster.tech,cosmosvaloper1ttfytaf43nkytzp8hkfjfgjc693ky4t3y2n2ku,cosmos1ttfytaf43nkytzp8hkfjfgjc693ky4t3p78l60,708FDDCE121CDADA502F2B0252FEF13FDAA31E50,0.03,68057.6594131248153233,2.000400069922596,0.15,4100,35,0,1
NASDAQ-BTCS,https://www.btcs.com,cosmosvaloper1tk2xujvwtn0q60u8xelh50u9xzqvrnpk4d00qj,cosmos1tk2xujvwtn0q60u8xelh50u9xzqvrnpksem6vp,4ED7CC4038833F2EA5AA3F4D44C581C8E7CBD862,0.03,60846.3299910030563378,60775.1750348797095664,1,140,39,3313.00106,0
DSRV,https://dsrvlabs.com,cosmosvaloper1wlagucxdxvsmvj6330864x8q3vxz4x02rmvmsu,cosmos1wlagucxdxvsmvj6330864x8q3vxz4x02x0cwu0,B2336DC86A74A6F8552D7F686AC0983EF4E0B0CE,0.02,46427.650143,4,0.1,198,80,16.676354,1
Virtual Hive,https://virtualhive.io,cosmosvaloper1zc0z44e42qhzltqc8qpj5qrzn836d3lftnqmgw,cosmos1zc0z44e42qhzltqc8qpj5qrzn836d3lfw85wya,906B072AEDA053B19643456E63DED233640D2D91,0.02,48052.601834,1,0.05,73,84,24.129345,0
Plural,https://plural.to,cosmosvaloper1uyccnks6gn6g62fqmahf8eafkedq6xq400rjxr,cosmos1uyccnks6gn6g62fqmahf8eafkedq6xq42mh82s,6748D632E00E5247C2262EFA96DE946D1AEEC32B,0.02,48803.449761,30,0.015,210,254,10.448981,1
Dominator,,cosmosvaloper1slt7tkd7srlaxnt8vk6uff7j3mc7pk233rs0r5,cosmos1slt7tkd7srlaxnt8vk6uff7j3mc7pk235hy608,68175AA8945608C0E6AA0EAC4284D62991407C2B,0.01,33073.6124025838567816,1,0.15,416,24,0,0
Jerry's Pool,https://pool.jerrychong.com,cosmosvaloper1ukpah0340rx7k3x2njnavwyjv6pfpvn632df9q,cosmos1ukpah0340rx7k3x2njnavwyjv6pfpvn657eufn,108E47FC1B8546F98F7EA52F2547CC44497DB1BF,0.01,19165.628575,1,0.01,142,893,-418.900622,5
Cryptium Labs,https://cryptium.ch,cosmosvaloper1kj0h4kn4z5xvedu2nd9c4a9a559wvpuvu0h6qn,cosmos1kj0h4kn4z5xvedu2nd9c4a9a559wvpuvemr0vq,F4CAB410DE5567DB203BD56C694FB78D482479A1,0.01,23871.7383021545775682,2.0002000252271212,0.11,37217,158,0,3
Foundry-USA,https://foundrystaking.com,cosmosvaloper1awguwfrm22sh7yewkywrjujukc75a3r3tpwfyp,cosmos1awguwfrm22sh7yewkywrjujukc75a3r3w46ugj,657196A05B7ECE77CC2B96A4EF6BD45D4E2FD5C5,0.01,34999.530298,34991,0.1,2,11,-66.770201,0
SIGN Capital,http://SIGNcapital.eu/,cosmosvaloper1r50v53ua3mgfczlgf6jclycx2edcsaaftfjzs6,cosmos1r50v53ua3mgfczlgf6jclycx2edcsaafwaxhuf,EE026B4D87F7D45E5C21CA73A198CA3D31888B84,0.01,33050.000001788650869,50,0.07,0,11,0,0
Firmamint,https://www.firmamint.io/,cosmosvaloper19kwwdw0j64xhrmgkz49l0lmu5uyujjayxakwsn,cosmos19kwwdw0j64xhrmgkz49l0lmu5uyujjayrfzmuq,4906F2A5334D906A4C63F9E9D61527A9F593C4EF,0.01,33303.862238,0,0.15,13273,15,0,5
Valnodes - Carbon Neutral Staking,https://www.valnodes.com,cosmosvaloper1ky5k0305lm4t4xa72a2g5ahfdzqxnwx358agra,cosmos1ky5k0305lm4t4xa72a2g5ahfdzqxnwx33nfa0w,76A8A9A8151255E9E69E89499CFE9CB86FD02372,0.01,19362.7424086932428196,31.0005000222794609,0.01,78,351,-5.75257,1
Certify Network,http://certify.live,cosmosvaloper15jlcxs57cku65nrve3hfjlmcr8kaavxcn30mz2,cosmos15jlcxs57cku65nrve3hfjlmcr8kaavxck9mwwe,F98F5FB8986D25B7B6FD694FA33190AD7D380DDB,0.01,33001.2005179981096896,1.2,0.1,0,7,0,0
OurLink | ValidatorNode,https://www.validatornode.net,cosmosvaloper14cqu95wlx54dzujzkyd0023t8g73ll7jpfm3pc,cosmos14cqu95wlx54dzujzkyd0023t8g73ll7jya0ydt,02B70DA33EDBA320C8EC3B336A32D29DA9BA2515,0,3,3,0.025,0,1,0,0
HelloPool,https://hellopool.io,cosmosvaloper1unap36cmuaxsmgtshm893hjkneta5vp6udzc0j,cosmos1unap36cmuaxsmgtshm893hjkneta5vp6eekdrp,64D718F0FA63A11DE32E28EF004FD376DC5335F1,0,100,100,0,0,1,0,0
codeb2cc,,cosmosvaloper1u5lcptf9kpw6psqg5xyr80t5d9l70lvcyg555w,cosmos1u5lcptf9kpw6psqg5xyr80t5d9l70lvcpuqpca,98F95CDDCEB0C69506D609EB4745AD97C9F828AF,0,2.5000000000004001,1.5,0.1,0,2,0,0
DO NOT STAKE | Bity.com,https://bity.com/,cosmosvaloper1uv26ytrnmydyctq0s58ve2k6wn2p653mqs80fm,cosmos1uv26ytrnmydyctq0s58ve2k6wn2p653m9yn69g,991B742CC8660B40321F77873644C195195D4178,0,27.002066,0,0.1,0,4,0,0
Bison Trails,https://bisontrails.co,cosmosvaloper1uxh465053nq3at4dn0jywgwq3s9sme3la3drx6,cosmos1uxh465053nq3at4dn0jywgwq3s9sme3lc9ek2f,CA6696F5FE66A480BF21460319BE979930852DD0,0,18212.291982,0,0.1,9877,9,0,0
airdropdao,,cosmosvaloper1kqld7f3tu3ha5ht3qv2rq9ac9683d3xf356rc9,cosmos1kqld7f3tu3ha5ht3qv2rq9ac9683d3xf5qwk5k,5D9E8475949904BBC8B70C42231FC1044E40EE12,0,51.008,1,0.003,0,2,0,0
Sanka Network,https://www.sanka.network,cosmosvaloper1uyt0yuv7cz7ppwefl9ths336ln7ysvg2jlj76t,cosmos1uyt0yuv7cz7ppwefl9ths336ln7ysvg2htxtkc,4D2C8245ABF4B85835CB882EEE142B13A00ACDB5,0,52.96625,0,0.1,0,7,0,0
„Åì„ÅÆÁ¥†Êô¥„Çâ„Åó„ÅÑ‰∏ñÁïå„Å´Á•ùÁ¶è„Çí,https://konosuba.fandom.com/wiki/Eris,cosmosvaloper1urtpxwfuu8k57aqt0h5zhsvmjt4m2mmdr0juzg,cosmos1urtpxwfuu8k57aqt0h5zhsvmjt4m2mmdxmxfwm,8328647F309C8AA148CDA5595145E13E455CA704,0,2,1,0.15,0,3,0,0
F4RM,,cosmosvaloper14az9dmutwtz4vuycvae8csm4wwwtm0aumtlppe,cosmos14az9dmutwtz4vuycvae8csm4wwwtm0au7lt5d2,9D07B301D23C547266D55D1B6C5A78CA473383A1,0,480.4670316398058527,0.0000001332118115,0.2,29861,29,0,0
Bumblebee__üêù,http://dahuangfeng.online,cosmosvaloper1hf8a9yg6yswtj8lgchlr76mcenj2nd7a0e6z0z,cosmos1hf8a9yg6yswtj8lgchlr76mcenj2nd7a2dwhr3,8EDE8BA95DC8D63637888B3B734895317959B34D,0,1.2672228590399034,0.0895188320900823,0.13,1,3,0,0
MEET.ONE,,cosmosvaloper1u724thtn8z47nw9nvel367m3qh0gqnxe4g555a,cosmos1u724thtn8z47nw9nvel367m3qh0gqnxesuqpcw,7478093BFDBB0F53F689DB75DA89042879779D6C,0,0.228834,0,0.1,0,3,0,0
SpacePotato,https://spacepotayto.carrd.co/,cosmosvaloper1up3slj4nr5y23gxkvqn8h5ra9mv0pj2vrh0djk,cosmos1up3slj4nr5y23gxkvqn8h5ra9mv0pj2vxrmc79,3EA7D4AEA0824813B7B448B5A54F01DB23EF8650,0,8.7,1.5,0,0,2,0,1
PlatON,https://cosmos.network,cosmosvaloper1asazdfn60g4nakccc9leh37du0946l5fnnluy6,cosmos1asazdfn60g4nakccc9leh37du0946l5fk8tfgf,F9F2CDA36893AE2B6719F0CC0EAEAB0D8C25B94C,0,9.99,9.99,0.1,0,1,0,0
btd,,cosmosvaloper17zcpywlhgcpk7ff505vr8mnc4wwpv5fcta6enz,cosmos17zcpywlhgcpk7ff505vr8mnc4wwpv5fcwfwvl3,543F3E1967D29248CEA37196A2C052768D2FEECA,0,1.0010040000999098,1,0,0,3,0,0
WALLAKIA,http://wallakia.com,cosmosvaloper143g8ag20zg42z7h2j3dszw52ac6alyv876p2q8,cosmos143g8ag20zg42z7h2j3dszw52ac6alyv8mw4lv5,EE4627BB2B2754D1A909C8683133123C827A5F3D,0,1.01,1,0.07,0,2,0,0
ChainPartners,,cosmosvaloper174glllafa668rcr2qzf5m0844ve60h0urf3h6u,cosmos174glllafa668rcr2qzf5m0844ve60h0uxa9zk0,8382A12C7C9CCCC3ACC016E482E6652473B65E2E,0,10.00000300010001,9,0.03,0,5,0,0
topool,http://topool.io,cosmosvaloper17cy09npjq4sylkt56kwcuqcd74hlxj3fq4hwjd,cosmos17cy09npjq4sylkt56kwcuqcd74hlxj3f9prm77,E6A3801926BC5F83761C4ADF88263F88195FDD5B,0,0.0193198954919059,0.0000001727003409,0.2,66,6,0,0
Event Horizon,,cosmosvaloper177cagfvevhhr4uv7fhw3n79e0jv8e96cdyc3wd,cosmos177cagfvevhhr4uv7fhw3n79e0jv8e96cgsvyz7,077D40887972674670DC41529F2B0CBE27C25AB3,0,1,0,0.15,0,1,0,0
CosmosLink,,cosmosvaloper1l9fwl9c77zx850htsr20pq3ltc379xt86ndelm,cosmos1l9fwl9c77zx850htsr20pq3ltc379xt8l8evng,7CAB2B15C7F0238619A65D8833EEB53942552651,0,330.5373789222933997,1,0,178,514,0,0
Cosmoon,https://cosmoon.org/,cosmosvaloper1402ggxz5u6vm29sqztwqq8vxs3ke6dmwl2z5dk,cosmos1402ggxz5u6vm29sqztwqq8vxs3ke6dmw67kpp9,3C10595A924D457175CFB7DAADAD8156789B6A7E,0,1.0001100016255364,0.9,0,91,14,0,0
hoo.com,https://hoo.com,cosmosvaloper1l5rgg6k87m6x5hl50xg5q7t680d672z87gzd7a,cosmos1l5rgg6k87m6x5hl50xg5q7t680d672z8mukcjw,55D20C43E436C7E1A1261B8961FE715EE697A35A,0,10501.138004,10501,0.03,0,3,0,0
My Basement Validator,,cosmosvaloper1lc4wdzlvryg7fk9fc39d3yceu56gv4ea4jet3z,cosmos1lc4wdzlvryg7fk9fc39d3yceu56gv4easxd7a3,BC7A48C5AF531BCE41BAE5C4304D274CADE5703E,0,1.1,0.1,0.5,0,2,0,0
StakeHouse,stakehouse.org,cosmosvaloper1l6udzyaz8xaxv4hpagwauacm95jlcec3xlht2u,cosmos1l6udzyaz8xaxv4hpagwauacm95jlcec3rtr7x0,D8F0BEDE91D3FE4DD827619499EBA5CECC76FE21,0,1.5000069795884056,0.0000009894682579,0.01,147,16,0,1
Masternode24.de,https://masternode24.de,cosmosvaloper1lmu2hvm0prpkmacy7lw9uy3wp7fescmsuevrc9,cosmos1lmu2hvm0prpkmacy7lw9uy3wp7fescmsedck5k,83A35AFCA731116F1ED8F94483592C537EA262F6,0,20.426247399825013,0.0000009980238155,0.01,5,47,0,0
endgame,,cosmosvaloper1awqm5sweq0z3uyl49ge7rcxpd5lpeln3ldnapc,cosmos1awqm5sweq0z3uyl49ge7rcxpd5lpeln36e8gdt,E357799C961CB1728B50117889CA1BE606E30A12,0,1,0,0.1,0,1,0,0
lino-network,,cosmosvaloper1mrnrqgl4d5hqsfdcgnjfarjnlk43rs89gyz94x,cosmos1mrnrqgl4d5hqsfdcgnjfarjnlk43rs89dskse4,D80216C527563F1CCE166C0DECA7B23442B2FE35,0,46.001,2.001,0.1,0,3,0,0
mcb,,cosmosvaloper1m4sufdf3587q2m8lv2482pj4yxjfvhfqseq5xg,cosmos1m4sufdf3587q2m8lv2482pj4yxjfvhfq4d5p2m,F78B83AF488B73F9699C3C62928A1F4608C6ED5C,0,24,24,0.1,0,0,0,0
mr.tukutuku validator,,cosmosvaloper1cew4f2acglytrdsdewk7kv3v8ycxd89z28jel6,cosmos1cew4f2acglytrdsdewk7kv3v8ycxd89z0nxvnf,3E5CEC9CACF36087F8D0385CDE37AEA765E60724,0,1.0000007150787535,1,0.01,0,1,0,0
FishKing,,cosmosvaloper1hwu4wp5y47d2ntm3std5xeygqnqua3ekcpzp0v,cosmos1hwu4wp5y47d2ntm3std5xeygqnqua3eka4k5rl,F0FD2B6D9D17FCBFA25DB1280D490D36432475D2,0,4,4,0.05,0,1,0,0
DUAL.systems,https://cosmos.dual.systems,cosmosvaloper1kmvhdc3p57q4pwsn2txaluvuxfugeg39zqj783,cosmos1kmvhdc3p57q4pwsn2txaluvuxfugeg3985xttz,DC4DE8D85B236B654A6965DD58EC871CDCC07A75,0,1.0111121112111211,1.0111121112111211,0.02,0,1,0,0
infstones,https://infstones.io,cosmosvaloper1hj795mnfrvesljfw7kev938tagumezammnasa3,cosmos1hj795mnfrvesljfw7kev938tagumezam78f93z,CCCE1D6422FBC230D99555A36CE74B80B0AC7DF9,0,1.0001,1.0001,0.1,0,1,0,0
Mr.Robotü§ñÔ∏è,https://github.com/Manisso/fsociety,cosmosvaloper1ke26kzj9qsvp8qy39dzrhf0rvhtd807c456kmu,cosmos1ke26kzj9qsvp8qy39dzrhf0rvhtd807csqwrh0,F1D7F617998384C7511ED1479BBE8979A9102C90,0,0.000001,0.000001,1,0,0,0,0
Atom Sandler,,cosmosvaloper1cql9ska0xl2rkg6gcv0np4333gn6fygs55asrs,cosmos1cql9ska0xl2rkg6gcv0np4333gn6fygs3qf90r,D3DB7197312CD60A71E291A66D430B20D197CF41,0,4.0641613077715127,0.061764,0.25,0,12,0,0
ATOMI,https://atomii.modoo.at,cosmosvaloper1kculeejzmnac8lezfpg9ulkj5gfy5tuf9ez29w,cosmos1kculeejzmnac8lezfpg9ulkj5gfy5tufqdklfa,EB83D7FEE766BED6F4A3465B2C38D19C890C224E,0,4.027959,0,0.05,0,6,0,0
cosmos-sta,,cosmosvaloper1khnuwdpnyv6utvqx3plt3x6makh3rc9tv0wvv9,cosmos1khnuwdpnyv6utvqx3plt3x6makh3rc9tfm6eqk,0FA0F65CD4B0EA7DE1902AA5F6F11B451BB4DFC3,0,1.0000003489240536,1,0.1,0,2,-5,0
melange,https://melangestaking.com,cosmosvaloper1cz6q5nys0tgupq2mt99amsltepglxqgwfs6fum,cosmos1cz6q5nys0tgupq2mt99amsltepglxqgwvywusg,8C3C90627A6C5E2860E5D105D2BD9E93C94F500C,0,214.821112,0,0.01,1798,4,0,1
Staker Space,https://staker.space,cosmosvaloper1crf28v52ptkygcw07kr79rw8dme7v2m2sy0p0p,cosmos1crf28v52ptkygcw07kr79rw8dme7v2m24sm5rj,E4D945332A19857F861A4C66F47474ECF6101FBE,0,1.004344,0,0.08,0,3,0,0
Neptune Stake (TSXV:DASH),https://neptunedash.com,cosmosvaloper1k447djp2qrfk8pl44vd02qdlld2asjeepjxsep,cosmos1k447djp2qrfk8pl44vd02qdlld2asjeeyxj94j,3D8EBEF1765E5C8F323A66E4EC8258931DC1DF24,0,2.446329,0,0.1,0,2,0,0
terraformstaging,,cosmosvaloper1cyvspwjvnedc9s5j759zezufrwf7esfpe48agy,cosmos1cyvspwjvnedc9s5j759zezufrwf7esfpupngyh,EA60272F5499CDE460CF6A39AA45C6060EA51742,0,1,1,0.1,0,1,0,0
ChainPool,,cosmosvaloper1cf9yqlamxgeza4nsn7y08vpkcs7qqjp46k6s3t,cosmos1cf9yqlamxgeza4nsn7y08vpkcs7qqjp4lzw9ac,7F225CB9ACF7D34C993807A7F9CB3B2851386DE1,0,1.000001,0,0.1,0,2,0,0
anonym.ninja,https://anonym.ninja,cosmosvaloper1c5n3z6ju8e07pqmmxcn4hkqn69d8kmvq5nxnxa,cosmos1c5n3z6ju8e07pqmmxcn4hkqn69d8kmvq38jx2w,2C88A4BEF46E9992CE662456C946A64B95F0B150,0,2,1,0.1,1,2,0,0
Fission Labs,https://fissionlabs.io/,cosmosvaloper1e0jnq2sun3dzjh8p2xq95kk0expwmd7sj6x59m,cosmos1e0jnq2sun3dzjh8p2xq95kk0expwmd7shwjpfg,246808FF08F382EB00E125F5088B6FE32B978857,0,0.25,0,0.1,1142,1,0,1
Fenbushi US - Staked,https://fenbushi.vc,cosmosvaloper1m83cwjucw9nt8xm66u8xavvy6v9m7xfspcszc5,cosmos1m83cwjucw9nt8xm66u8xavvy6v9m7xfsyvyh58,8332069BCA9D125E72BF87E4DA172C9E83B90FD4,0,103.233749,0,0.1,4606,4,0,0
FreeValidator,,cosmosvaloper1eez6ks7upkjf8w3eaz0vah7x3d8zkade0mwn3f,cosmos1eez6ks7upkjf8w3eaz0vah7x3d8zkade206xa6,948BB483295BE320E313F32FCAAD52656E4A6A9B,0,11.005501,0.0055,0,0,4,0,0
Darth Validator,https://darthvalidator.github.io/,cosmosvaloper1emw2f9auxyy532klzc5rkkfampgmn5ywftnv7l,cosmos1emw2f9auxyy532klzc5rkkfampgmn5ywvl8ejv,666FFAB4C68AB3E7B8E965AF33222E0DFC5F3F30,0,2,2,0.02,0,2,0,1
IZ0,www.izo.ro,cosmosvaloper1eup5t8pp8jq354heck53qtama7vss9l354kh6r,cosmos1eup5t8pp8jq354heck53qtama7vss9l33pzzks,8FA2380FA64B122427202970CF12BD4991B4C6D2,0,319.1008531998067962,0.0000001303250874,0.01,641,57,0,6
Alphemy Capital,https://alphemy.capital,cosmosvaloper16zgjnqxryhq2kftfuv8urp50x0xwt5dagemhfl,cosmos16zgjnqxryhq2kftfuv8urp50x0xwt5dadd0z9v,8CE843E04C48B7864F8568FA39E90EA13FE6586F,0,1.9046116821015349,0.0000006738860483,0.2,27138,8,0,3
ColmenaSvQüêù,https://www.coworkingcolmena.com,cosmosvaloper16gdxm24ht2mxtpz9cma6tr6a6d47x63h65p52c,cosmos16gdxm24ht2mxtpz9cma6tr6a6d47x63hlq4pxt,DA76CA45BDDA85831B15912619799FDFB7235B76,0,1,0,0.1,0,1,0,2
BlockPool,www.blockpool.com,cosmosvaloper16v3f95amtvpewuajjcdsvaekuuy4yyzups85ec,cosmos16v3f95amtvpewuajjcdsvaekuuy4yyzuyynp4t,34337FEEE36B03CC9D5C9F59B308C0E317DB607C,0,231.5686147437237448,0.0000004107159963,0.02,2516,19,0,0
cosmosgbt,,cosmosvaloper16ddmnhsxkjh6xt4n2xk36d56pndvjxcn6gffpm,cosmos16ddmnhsxkjh6xt4n2xk36d56pndvjxcnluaudg,FD21F51DE1FBDF48212EFB09B0742034EE2874DB,0,3,3,0.1,0,1,0,0
cosmos-hub.com,,cosmosvaloper16j5uk7zt8kha0w4637h36kuxrmlarrg0qfwlgz,cosmos16j5uk7zt8kha0w4637h36kuxrmlarrg09a62y3,DF3F87B7A952EFD8D2F6F83424738FF8F507661E,0,1.091,1,0.1,0,3,0,0
Deprecated,,cosmosvaloper16m93gjfqvnjajzrfyszml8qm92a0w67nwxrca7,cosmos16m93gjfqvnjajzrfyszml8qm92a0w67ntjhd3d,2B19594437F1920B5AF6461FAB81AEC99790FEB1,0,41.000088,0,0.2,0,3,0,1
OKmoniker,www.baidu.com,cosmosvaloper16acemvk7mf4393hksx0zwmjsnqptxu7ek2yslx,cosmos16acemvk7mf4393hksx0zwmjsnqptxu7en7s9n4,0F97D5C41AC3A815C3EB8DF0DA1E6CDD5D112FA6,0,1,1,0.1,0,1,0,0
consensus_networks,,cosmosvaloper16lsdqdqcz7yywd82dtrt4nmf2u3peq4ukc8ap8,cosmos16lsdqdqcz7yywd82dtrt4nmf2u3peq4unvngd5,96F507EC00712C1A4EA156E6DEA411E890626156,0,1.9000039590574684,0.0000002728251192,0.1,6,6,0,1
Crypto Lion (0% fee),https://cryptolion.finance,cosmosvaloper16lhapna7nfm0j3pnwt7tn4lxtx3q7hs4sf66t8,cosmos16lhapna7nfm0j3pnwt7tn4lxtx3q7hs44aw085,BB4BFB7E7056FB61A54EB75442A6D7E93B7226BB,0,471.593428,1.45,0,8,55,0,0
Aquanode,https://aquanow.io,cosmosvaloper1hw236j2f6ny4kc5r0dsy53avvxj25hpfaw2pl8,cosmos1hw236j2f6ny4kc5r0dsy53avvxj25hpfc675n5,08D47649969F844433CF05CEA470A337CD0F1596,0,1,1,0.1,0,0,0,0
Bitrue,https://www.bitrue.com,cosmosvaloper1ewtwxeksk59k0an3etj3n93al64l5qws2jw02z,cosmos1ewtwxeksk59k0an3etj3n93al64l5qws0x66x3,9BA0B83B589E355318B99C57D9AAE10B22EB7BBB,0,28.9852403641365697,1,0,0,2,0,0
tokenpocket,https://www.tokenpocket.pro/,cosmosvaloper1qtxec3ggeuwnca9mmngw7vf6ctw54cppey02fs,cosmos1qtxec3ggeuwnca9mmngw7vf6ctw54cppusml9r,F7E7996D8821F586EFBC15101D1CE0C2C26E39FE,0,914.5624262875390564,1.01,0,0,52,0,0
regen-validator,https://vaasl.io/en/regen-validator,cosmosvaloper150g2n4ypex05nla65j6akz38n9tu4quu8nna3h,cosmos150g2n4ypex05nla65j6akz38n9tu4quuz88gay,1D08C1AC9B1A5D71B4B4B95B0654D3EB3CBC89FA,0,1,1,0.6,0,0,0,0
Dude's Node Abides,,cosmosvaloper193qmr3zvz0s6g4ngez5euja7ynwrwx8amer9qt,cosmos193qmr3zvz0s6g4ngez5euja7ynwrwx8a7dhsvc,82A3C1F45779571FA72CDE9191FBACBCF35139B1,0,1.000001,0,0.05,0,2,0,0
Terran Stakers [inactive],https://terran.stakers.finance,cosmosvaloper1yh089p0cre4nhpdqw35uzde5amg3qzexkeggdn,cosmos1yh089p0cre4nhpdqw35uzde5amg3qzexnduapq,3B49CA97C4969033163A872152870489EDEBF080,0,775.3493494049026374,0.0000005098867605,0,9,126,0,1
reverrb_labs,reverrb.io,cosmosvaloper1yett23jzwxpykht9ayf7u7qglvrd76ewz2f9l3,cosmos1yett23jzwxpykht9ayf7u7qglvrd76ew87asnz,E6E046CF17D3CE2180C963BBE87FF41CDF388233,0,9,9,0.09,0,1,0,0
MYW,,cosmosvaloper1yedl70266zcpmcnzzhr0fmm3aklgrjsyzg0rwl,cosmos1yedl70266zcpmcnzzhr0fmm3aklgrjsy8umkzv,ECC127D0EB3AC1629BBD7FE34896006FB7AE15C3,0,0.310003,0.31,0.07,0,2,0,0
LikeCoin by Liker Land,https://like.co,cosmosvaloper1yat0v9mqt88m2x3uew0zrpzn7tjzas6eplz6s2,cosmos1yat0v9mqt88m2x3uew0zrpzn7tjzas6eytk0ue,FCD6170A9F8FF07400443F66C09FBF37EC11B7AE,0,5838.378792,2,0.01,105,264,-475.343059,1
Bajun,,cosmosvaloper1ylz6tqpgz0flpl6h5szmj6mmzyr598rqu936th,cosmos1ylz6tqpgz0flpl6h5szmj6mmzyr598rqe3908y,008342DEACA41064D1BE5334880655F537A98FFC,0,1,0,0.15,0,1,0,0
tester,,cosmosvaloper19yn9qg7gffzdj8t2zxfhwqdcjj8fzxt2ztzgzu,cosmos19yn9qg7gffzdj8t2zxfhwqdcjj8fzxt28lkaw0,CC131D56063C653841CB90D858D8499643AE436C,0,0.01,0.01,0.05,0,1,0,0
HLT,,cosmosvaloper1998928nfs697ep5d825y5jah0nq9zrtd00yyj7,cosmos1998928nfs697ep5d825y5jah0nq9zrtd2ms37d,9E14352CB5293C6073D61280A197085C6748DAFA,0,286.6285378244704952,0.1604345879808171,0.1,5725,26,0,0
IZ*ONE,https://gall.dcinside.com/mgallery/board/lists?id=mnet_k&exception_mode=recommend,cosmosvaloper19ggkjc5slg5gphf92yrvusr3jc702h4tfz6nvn,cosmos19ggkjc5slg5gphf92yrvusr3jc702h4tvkwxqq,BCF641826FB11D11D35C79A8DD74E30470173AB8,0,0.060102,0,0.04,0,3,0,0
ms-stage,https://www,cosmosvaloper19tfkpy26wpdanzjqwag8yyxsygsxgwzsqxmnuw,cosmos19tfkpy26wpdanzjqwag8yyxsygsxgwzs9j0xsa,645B6B94BD05240447AC11B7FF2830DBBC4F8368,0,1.0000007431874484,1,0.03,0,1,0,0
blockscape,https://blockscape.network/,cosmosvaloper19v9ej55ataqrfl39v83pf4e0dm69u89rngf928,cosmos19v9ej55ataqrfl39v83pf4e0dm69u89rkuasx5,2745ECA0BACF8F7B1BF8B7B434629B4F18C7BA42,0,51.8170052706984276,0.0000003023485802,0.0999,67,12,0,2
test,test,cosmosvaloper19vgwu99fdawejnedgsfx8dmxuc0z4emj0eaf8p,cosmos19vgwu99fdawejnedgsfx8dmxuc0z4emj2dfutj,491E905A0CF7C5C27E1AE04E63D5145DB5367CA8,0,1,0,0.03,0,1,0,0
test,,cosmosvaloper190r3wrl2jexq9hyahl4pd5wz66rrt4wpuavdxa,cosmos190r3wrl2jexq9hyahl4pd5wz66rrt4wpefcc2w,B6D706E2C0FF5ACFB0936075BD1D9CD2063FFCDF,0,0.1,0.1,0.1,0,1,0,0
Messi,,cosmosvaloper19mt9kqgt8a7y78cctaw9dk0z79a4r30hdfk3ys,cosmos19mt9kqgt8a7y78cctaw9dk0z79a4r30hgazygr,96427F9EF510C0E156A01E8EEFE9831911898C25,0,42.040987,0,0,0,3,0,0
cephalopod equipment coop,,cosmosvaloper1fghgwhgtxtcshj4a9alp7u2qv6n2wffqhpxcnk,cosmos1fghgwhgtxtcshj4a9alp7u2qv6n2wffqj4jdl9,77064757FCC7828F98B33525B4599DB0FD08DC37,0,281.161932,0,0.25,0,3,0,3
pa_os_test,,cosmosvaloper1xxjvzwjpsf6ktuffkcpx29ut9qfrn0my8xdtqd,cosmos1xxjvzwjpsf6ktuffkcpx29ut9qfrn0myzje7v7,38A973D648E09776AB9AB081B83B056271D47A8D,0,0.0002800280027723,0.0000000001000099,0.05,0,2,0,0
Ledger,,cosmosvaloper1xfx3pgwyq60jr4xp4z3l3h7xvxh40z4zu6xh9h,cosmos1xfx3pgwyq60jr4xp4z3l3h7xvxh40z4zewjzfy,606C6A77D11A28E0A006827F91BACA75E6404BA1,0,6.666666,1,0.075,0,1,0,0
jabbey,https://jabbey.io,cosmosvaloper1xwazl8ftks4gn00y5x3c47auquc62ssuqlj02r,cosmos1xwazl8ftks4gn00y5x3c47auquc62ssu9tx6xs,6A4D14A7AC9B4F7C7F28DC9046E5029D1BF09F41,0,29.01954,28.46954,0.05,0,3,1.9,1
PeopleNode,,cosmosvaloper1xsum5hdkcckumzx8ajf3j8upr8w0vs8gcvw0dc,cosmos1xsum5hdkcckumzx8ajf3j8upr8w0vs8gac66pt,97B9918A5D3B32DA34003205ED4DA3A2235CE0CA,0,3.2,1,0.1,0,2,0,0
stake2earn,https://stake2earn.com,cosmosvaloper1xhhquwctvwm40qn3nmmqq067pc2gw22eqkwgt0,cosmos1xhhquwctvwm40qn3nmmqq067pc2gw22e9z6a8u,703F780CE588ED6406F9E57E6E116B9BE2443F65,0,6063.07415,1,0.01,113,281,-9.80398,1
binance staking,,cosmosvaloper18ruzecmqj9pv8ac0gvkgryuc7u004te9rh7w5s,cosmos18ruzecmqj9pv8ac0gvkgryuc7u004te9xr2mcr,9CF8AE1FD507F97A054250582FFE52922C8D3705,0,9875.35901,7000,0.05,27,87,-2.05,0
OG,http://www.ourea.top,cosmosvaloper188z55862zckmn7kuwg94sl3nw9ta9pqt3xectq,cosmos188z55862zckmn7kuwg94sl3nw9ta9pqt5jdd8n,078E13F32EBB018F85FEF12901963C99E2CA00B2,0,9.9792188571649439,0.0000001991141313,0.1,1148,8,-0.9998,0
SOLOMINING,https://cosmos.network,cosmosvaloper18geu56wqva2pmqm6sf6vpqr38pdfpp7j6xmze4,cosmos18geu56wqva2pmqm6sf6vpqr38pdfpp7jlj0h4x,B8B0598DF07F6A2C496DFACDF8E64B858113BDDB,0,1,0,0.1,0,1,0,0
touzicosmos,,cosmosvaloper18cphtqx7c6kmjuwvtfvge0dtf8nxm8j9x6p4kz,cosmos18cphtqx7c6kmjuwvtfvge0dtf8nxm8j9rw4q63,2DCB24FFF8C10F7682B9CEBC590FEB92EC1B789B,0,0.0005000500050005,0.0005000500050005,0.1,0,0,0,0
BlockPool,www.blockpool.com,cosmosvaloper18algml7fg04amyhz0ss5h9m92k5g3ldwvd4fk3,cosmos18algml7fg04amyhz0ss5h9m92k5g3ldwfepu6z,EBBE9DC8749B31A356279B7D7D9B5B22880D90D3,0,1,1,0.1,0,1,0,0
Militaires Sans Fronti√®res,,cosmosvaloper1gdqqf8f6wsdvgnevly7q62ez0tmfn0lm9smxws,cosmos1gdqqf8f6wsdvgnevly7q62ez0tmfn0lmqy0nzr,7D712D9AC341C87FEC61551B97AB35125EF17F35,0,2,2,0.1,0,1,0,0
good boi node,,cosmosvaloper1g48qthza73rv7rl3t823sxp0539k47c7k8fjqp,cosmos1g48qthza73rv7rl3t823sxp0539k47c7nna8vj,B4A9A1A27422B875B6DD8E6A1ED33D80F903ED1B,0,1.0000003381195909,1,0.1,0,1,0,0
ys-validator,,cosmosvaloper1yvwqd5rdtuaw25mcqhz794dvgq9k9yeh8mjcdh,cosmos1yvwqd5rdtuaw25mcqhz794dvgq9k9yehz0xdpy,19B788FCF213002A022BFFE981E58AE8A7801F28,0,0.0000052631334897,0.0000046369638129,0.08,0,3,0,0
Valid8r,,cosmosvaloper1yvvkkmzh8zs4z4v7gzn0ux8ag0me79ec58pw35,cosmos1yvvkkmzh8zs4z4v7gzn0ux8ag0me79ec3n4ma8,2EFF307360ACE434BDAAE2AB50FB155A524AAF31,0,1,0,0.04,0,4,0,1
derekC,https://example.com,cosmosvaloper1y8eg24xd5kw789t56pqsf3qakkakhgx3xxc7ff,cosmos1y8eg24xd5kw789t56pqsf3qakkakhgx3rjvt96,B1C37F520E325CF73A08D8332A03644F74E01669,0,1.1,1.1,0.1,0,1,0,0
BPSCOSMOS,,cosmosvaloper1yyhjumfj2lvsgzwhvk6fcezgwu6q70d0j59hlf,cosmos1yyhjumfj2lvsgzwhvk6fcezgwu6q70d0hq3zn6,D1E21DA8BA8F269C23581918F6F84B912E5062B5,0,12.185014501450145,1,0.01,0,1,0,0
CryptoGoose,cryptogoose.io,cosmosvaloper1qmr8acxu0d9ytase8v9mza6k96y479getstqn2,cosmos1qmr8acxu0d9ytase8v9mza6k96y479gewyl4le,745CF7152C21F952F6BDDAF01CD3D86D36B6F9A1,0,43.587669,0,0.071,0,8,0,0
suyuuuuuuu,,cosmosvaloper1qa8jpt4kuqq73vgen2w7julkelgursygqx4y69,cosmos1qa8jpt4kuqq73vgen2w7julkelgursyg9jp3kk,45A36B2B187417BC9A488A19E71B48BD41794F78,0,3.9,2.9,1,0,2,0,0
Cobo,https://cobo.com/,cosmosvaloper1pz0lfq40sa63n0wany3v95x3yvznc5gyf8u28w,cosmos1pz0lfq40sa63n0wany3v95x3yvznc5gyvnglta,7A416D78E6C9AFCF115949CA092E61BCD9DB8A18,0,2296.5966897455204357,2020.97,0.1,5221,151,0,0
liwei,,cosmosvaloper1prvhg36trh0y7dajrlny6h9qhp0cpwh0nl3p7k,cosmos1prvhg36trh0y7dajrlny6h9qhp0cpwh0kt95j9,0E051B08BC0AB55A7665A31931936B786F5745F7,0,1,1,0.1,0,0,0,0
MyCointainer,https://www.mycointainer.com/,cosmosvaloper1pxsmjzan4u833l5s72pzamlurcgk2g5m65xjlj,cosmos1pxsmjzan4u833l5s72pzamlurcgk2g5mlqj8np,CDB7CED214AEED7EDD91CAC5F6F006BE0EB77462,0,10.7032086052985679,2.5001381613994741,0.05,0,8,0,0
OneSixtyTwo,,cosmosvaloper1pgsjyvkg3y2m7qas534zzdhsqsxqyph2jh3uck,cosmos1pgsjyvkg3y2m7qas534zzdhsqsxqyph2hr9f59,1E20E074030FA93836CABAED6581D6C46AEF6471,0,172.0985803898617892,162,0.15,5205,30,0,2
Cobak,https://cobak.co.kr,cosmosvaloper1ptz7xq0fanh4kfvp6fdhevkx90axaq7drwcwjl,cosmos1ptz7xq0fanh4kfvp6fdhevkx90axaq7dx6vm7v,6D0F353C4A3C3A3A1C8B774E5C238FE76D597239,0,37.479,23,0.12,0,3,0,0
CosmosPool.org,http://cosmospool.org,cosmosvaloper1ps7dmygt4wm72t8l9kdjetelhggsv8w77mdh33,cosmos1ps7dmygt4wm72t8l9kdjetelhggsv8w7m0ezaz,6F5F44F6FD7CD1642FFB8B12215BAE814A1BE08C,0,7.2084126965218613,0.0000000201074769,0.1,0,11,0,0
,,cosmosvaloper1p42rgfdq500nlt387l4f0vfv5p90dl6ftr8jds,cosmos1p42rgfdq500nlt387l4f0vfv5p90dl6fwhn8pr,33B3E03704B6EDA0B8EBBD8F96E210D363447719,0,73.088505,0,1,3075,16,0,0
CosmosOne,,cosmosvaloper1pexrxk6s9aznl8ap2g8jr87ktc3a7dd8xf0etj,cosmos1pexrxk6s9aznl8ap2g8jr87ktc3a7dd8ramv8p,7DC27A92BDDBF6996D61D26B00E33E7254AA0123,0,103.0102296958914688,2.0001333400008889,0.04,0,4,0,0
walletapibeta,,cosmosvaloper1pmdxquuver2aj60rac8efqc87yk6tu0usuwar6,cosmos1pmdxquuver2aj60rac8efqc87yk6tu0u4g6g0f,0609DB25CEBC0D8B49142C5C4B73858C611A4201,0,2.800000167562688,2.8,0.1,0,1,0,0
SlowMistZone,https://slowmist.io,cosmosvaloper1p7n5agmrptr43t9te27tz7c4tnpw2dj3s4p6jm,cosmos1p7n5agmrptr43t9te27tz7c4tnpw2dj34p407g,D129014299429F19DE17A6BEF5E73B3AEECA662E,0,8.1010300972098556,5,0.09,0,3,0,0
piggy-coin.com üê∑,https://www.piggy-coin.com/,cosmosvaloper1zp6kg7qlmztyw2km2af4z5ruz5vn04cp9npe79,cosmos1zp6kg7qlmztyw2km2af4z5ruz5vn04cpq84vjk,CEB8DB4286061B32209D33E2ADF6756ACDD7E005,0,102.362321718952069,42.0083977325046016,0.25,0,8,0,0
X-Stake,https://xstake.io,cosmosvaloper1zxphhzuweenrq3vvgsgj6g25axdpghtglg0veq,cosmos1zxphhzuweenrq3vvgsgj6g25axdpghtg6ume4n,0ABD1554E84C4FE0E4D201A6E1AC32936DCA81BA,0,424.8454547573444179,0.0000000014988847,0.05,2809,64,0,0
MyCosmosValidator,,cosmosvaloper1zf37grr7nxffaacqfdyw5laeetnxm546aqz6uj,cosmos1zf37grr7nxffaacqfdyw5laeetnxm546c5k0sp,80898FB11AB001F537542190D01D5D8554AC26F6,0,38.5392669266926693,1,0.1,0,3,0,0
Spacebot,,cosmosvaloper1zwrav6vq7a9g37vwt6nl8ra63hhc20emsmvyp5,cosmos1zwrav6vq7a9g37vwt6nl8ra63hhc20em40c3d8,38BDD80C8BC76B1D2FE61EBFF6998DB85A1E97FE,0,1,1,0.025,0,0,0,0
unicorn-ethermat-1,https://www.ethermat.com/pool.html,cosmosvaloper1z3xngnvpyt33dlhrsmcz6pwd4fp47uem9545ed,cosmos1z3xngnvpyt33dlhrsmcz6pwd4fp47uemqqpp47,001FF7175580BF6BA0DCFC3B62DA28F62323C9CC,0,11.294998,0,0.06,0,3,0,0
raullenchaix,https://twitter.com/raullen,cosmosvaloper1zhunuh23rvhm95j0cwe8dhx3ka4chpz93vl8ep,cosmos1zhunuh23rvhm95j0cwe8dhx3ka4chpz95ctj4j,1B5CFC4C3EA8963761DC5A32B1E8C423D59D488E,0,1,0,0.1,0,1,0,0
SB Wallet,,cosmosvaloper1zccyq99s2pcu3tjrpmlhyfcr0fpekpz2yggk66,cosmos1zccyq99s2pcu3tjrpmlhyfcr0fpekpz2puurkf,853CFC4DB782759B28D5F79389E6F2F811DF5FFC,0,0.9998999899989999,0.9998999899989999,0.025,0,0,0,0
*% Fee - Mpress üöÄ,,cosmosvaloper1zmr5mglwkkru7m3q8sxcg66gxr508v6h6lv8fg,cosmos1zmr5mglwkkru7m3q8sxcg66gxr508v6hltcj9m,F1F9D769155D29BBC2994CF631C1A1823338947F,0,4.373508,1,0,0,7,0,0
terraform_staging_03,https://example.com,cosmosvaloper1r9lxkpqre6j4487ut882xchgr7rdtx3x76gtdp,cosmos1r9lxkpqre6j4487ut882xchgr7rdtx3xmwu7pj,240280517A827618C7ECA3628E4E8182F6DC667D,0,2,1,0.05,0,2,0,0
DECOMMISSIONED,http://stake.zone,cosmosvaloper1rfpar0qx3umnhu0f6wjp4hvnr3x6u5389e094j,cosmos1rfpar0qx3umnhu0f6wjp4hvnr3x6u538qdmsep,064CF05857B556FED63AC32821FF904312D0F2C8,0,2.00054,1,0.08,3231,4,0,4
ether-one,https://ether-one.com,cosmosvaloper1rn4gt0kphuqsdk7lu7m65gylv75q3ml4y6ns0j,cosmos1rn4gt0kphuqsdk7lu7m65gylv75q3ml4pw89rp,A2827B39F66734E7040E3A7DCBA6A52613A12E7B,0,3.0002000200020002,1,0.1,0,2,0,0
EON,https://eon.capital,cosmosvaloper1r6cwek6596vqzky4fezhy29qcdlv06d2laa2pk,cosmos1r6cwek6596vqzky4fezhy29qcdlv06d26ffld9,E81F710985DE65DB486689F1AF40A8CD83226DB6,0,8.4002670158345077,1.1,0.05,0,5,0,0
kreios,,cosmosvaloper1rl23sesp9qc7j9cmntl75v3uu4zetjxnuqskea,cosmos1rl23sesp9qc7j9cmntl75v3uu4zetjxne5yr4w,5CCFD5A822B0EE4D728D480AC9C22C3B455E8584,0,1.0099,0,0.0001,0,2,0,0
@CanadaNodes - INACTIVE - PLEASE REDELEGATE,,cosmosvaloper1f87q82cnmzsf3h7pqg0lllrvjp0zhfacgljv3c,cosmos1f87q82cnmzsf3h7pqg0lllrvjp0zhfacdtxeat,195CA536D741951EA7E6BE48C8E17432B8651C05,0,6.7686,1,0.05,2,3,0,0
‚Äúcosmix‚Äù,,cosmosvaloper1f0v0acmunaddacaxdmz5ykh3026c9xvqgnqquy,cosmos1f0v0acmunaddacaxdmz5ykh3026c9xvqd854sh,AFF0171FEB519FB6B261CFF62057AF8273424B49,0,0.85,0.8,0.1,0,2,0,0
fishegg.net,http://www.fishegg.net,cosmosvaloper159eexl76jlygrxnfreehl3j9tt70d8wfnn39fw,cosmos159eexl76jlygrxnfreehl3j9tt70d8wfk89s9a,D3FA9465ED96B70797572D4D83678BC2699560C1,0,1.0395567811097,1,0,133,11,0,2
axepool,,cosmosvaloper1sx8wwjyzxsu02mkld488nps8p8anlsr47ygka5,cosmos1sx8wwjyzxsu02mkld488nps8p8anlsr4msur38,F2CD54161D8E8567C40ACC60C04E4EC8D8144D3C,0,1.1,1.1,0.05,0,1,0,0
Bit Catüê±,https://www.bitcat365.com,cosmosvaloper1wwspfe7whh3zu4ql5rvpg044lyk6cuu7fpnd9e,cosmos1wwspfe7whh3zu4ql5rvpg044lyk6cuu7v48cf2,16BA55A7F83BC8E165690FED6D10957B1A51F792,0,15.0708590659712588,10,0.05,26,9,0,1
Earn Stash,https://www.earnstash.com,cosmosvaloper1w024sqzpvj5g57maxmvnlzellzwapwsv42360d,cosmos1w024sqzpvj5g57maxmvnlzellzwapwsvs790r7,4DAAF60577586FA02CFFE22DE1D53FF343F0FBAF,0,10917.9957,2,0,81,644,-51.569529,2
heaven,,cosmosvaloper1w0494h0l4mneaq7ajkrcjvn73m2n04l87j2nst,cosmos1w0494h0l4mneaq7ajkrcjvn73m2n04l8mx7xuc,0D2186876D26D882F7BE50DED92BD3CB53838143,0,1.2700669040265193,0.0000003731472669,0.7,4236,26,0,0
mythos-legacy,https://mythos.services,cosmosvaloper1w42lm7zv55jrh5ggpecg0v643qeatfkd9aqf3f,cosmos1w42lm7zv55jrh5ggpecg0v643qeatfkdqf5ua6,18C78D135C9D81D74F6234DBD268C47F0F89E844,0,36.8929300516941306,1.048654,0.15,12747,32,0,0
bantest,,cosmosvaloper1w6em34qympp59ecdu4ef4f5elcdlyp787tahxd,cosmos1w6em34qympp59ecdu4ef4f5elcdlyp78mlfz27,97BA1E990377D871E747CB64D6056744DA0CA4F7,0,0.5,0.5,0.1,0,0,0,0
#NGC StakeX,https://www.ngc.fund/,cosmosvaloper1wukx88lfn7l4gfmrgsy96h6kf5tvrv3ucg502l,cosmos1wukx88lfn7l4gfmrgsy96h6kf5tvrv3uauq6xv,9E044FDE72D650A1CD697BC71BD35F4176038400,0,32.9799014709934462,0.0000003411223354,0,0,32,0,0
BTC.Secure,https://btcsecure.io,cosmosvaloper1wa9zrywwzzwcvarngjq3rrhv6z9gzw4htq3sv3,cosmos1wa9zrywwzzwcvarngjq3rrhv6z9gzw4hw599qz,83D5C5F72169043F54F1CA7095E488BAF3E849EF,0,29.6891046752912251,0.0000001709563982,0,16,10,0,0
Validatrium.com - 0% fee,https://validatrium.com,cosmosvaloper102zp2v3ysn8nhuk5q7lvxzsthg8usmw2c0s405,cosmos102zp2v3ysn8nhuk5q7lvxzsthg8usmw2amyqr8,2BC7C9C5AC3F151271A84D545CC56FE99F3A6F83,0,39.9,29.9,0,0,2,0,0
BitMax Staking,https://bitmax.io/,cosmosvaloper10wz6lfhmqfw6egg0062ytnawaj6vr89ly5g4yg,cosmos10wz6lfhmqfw6egg0062ytnawaj6vr89lpquqgm,B61AA419909956354A25E26DDE9103B4C1A4D5CA,0,1.4947528080471199,0.0000000466260304,0.1,892,9,0,0
ÁúüÊú¨ËÅ™&IOSG,realsatoshi.net,cosmosvaloper1qdxmyqkvt8jsxpn5pp45a38ngs36mn2604cqk9,cosmos1qdxmyqkvt8jsxpn5pp45a38ngs36mn262pv46k,A03DC128D38DB0BC5F18AE1872F1CB2E1FD41157,0,6349.030589,0,0.1,2316,132,0,0
SG_NODE,,cosmosvaloper106kt5cmued596rqusmthfnh39h38k64e73fxce,cosmos106kt5cmued596rqusmthfnh39h38k64em9an52,5571ACECE69EEA2698D17BC995549A306110552C,0,0.000001,0.000001,0.075,0,0,0,0
biki-cosval,,cosmosvaloper10m2qyuzp2smf4wqpfzhvlrun9vnf7ts8c72akw,cosmos10m2qyuzp2smf4wqpfzhvlrun9vnf7ts8a27g6a,2F72571F3E6363AA1F2E3B107C7BC8B4B1149E5E,0,1,1,0.1,0,0,0,0
Appeal2Heaven,,cosmosvaloper1skhpmqtr8nw2takaduwh4ve5zk9pm5h5tnwlsx,cosmos1skhpmqtr8nw2takaduwh4ve5zk9pm5h5w862u4,1A46F17127CFBCB738D70531B0DA70DDB7F0FC5A,0,1,0,0.25,0,1,0,0
darkqueen,,cosmosvaloper1f63lrmnn4upu722kxdhw04taxa6w50lnar88dx,cosmos1f63lrmnn4upu722kxdhw04taxa6w50lnchnjp4,B6C5D0EEBE1ABB66039A90B80820C10A9CBCA95C,0,101.0001010101010002,100,0.1,0,3,0,0
Gentarium Validator,https://mn.gtmcoin.io/validators/cosmos,cosmosvaloper1skhguug7ffln3wekpmjmnnneu8wqfg3yk2uchv,cosmos1skhguug7ffln3wekpmjmnnneu8wqfg3yn7gdml,6DFD1827080AE8F034F733F91299EB28C3FB18A2,0,3.5000010000857216,1,0.1,0,4,0,0
RockX,www.rockx.com,cosmosvaloper13ce7hhqa0z3tpc2l7jm0lcvwe073hdkkpp2nst,cosmos13ce7hhqa0z3tpc2l7jm0lcvwe073hdkky47xuc,B0C5370ED46641878800A518EB8335E42AE87673,0,100.347732,0,0.1,606,2,0,0
InActive,,cosmosvaloper1jgczjsz3tugudsutektmr9z9lmv8u6vy0l2de7,cosmos1jgczjsz3tugudsutektmr9z9lmv8u6vy2t7c4d,AFEB4AE5260E679AC2D765CFBC80D41B352DC5E8,0,1,0,0.13,0,1,0,0
SpaceXPool,https://cosmos.spacexpool.com,cosmosvaloper1j2ytk05qyx40twttvtph5ytes7lmhgshpuk50d,cosmos1j2ytk05qyx40twttvtph5ytes7lmhgshygzpr7,4752B212F65CF6ED398B6EFD4C643A24BBBB4945,0,1,1,0.1,0,1,0,0
Deperacated,www.rockx.com,cosmosvaloper1jw8ett8uzrvjjhfcyajwcnckfl64npwxvlz2q8,cosmos1jw8ett8uzrvjjhfcyajwcnckfl64npwxftklv5,240DE97689433F94FA8A9961E2A0405A0B6080C3,0,1,1,0.1,0,1,0,0
LiebiPool,https://pool.liebi.com,cosmosvaloper1jjstwduq89rzkw4qcsk0q7d4ycq5ktmqd7nrmg,cosmos1jjstwduq89rzkw4qcsk0q7d4ycq5ktmqg28khm,714727114BAFFF38DED3BE315D50157626E0561D,0,1.120904695919321,1.1,0,0,3,0,0
nexus,https://discord.gg/J7aUXzs,cosmosvaloper1jmd8vcja8f7vqypxh0rceucrkt9hgsxk4kt5ad,cosmos1jmd8vcja8f7vqypxh0rceucrkt9hgsxkszlp37,25AA0B02FB717DBE25D3FB41769289C615FCB0BA,0,2,2,0.025,0,1,0,0
----------=üõ∏=----------,,cosmosvaloper1n9juyach9xvnsnkeale4kc4kjgaedvsape5vf3,cosmos1n9juyach9xvnsnkeale4kc4kjgaedvsaydqe9z,C6C1561F67D77BA8866FC2C0CDEC6004AA6AD6A1,0,8.1684266849937494,0,0.03,0,5,0,0
mrinal,https://twitter.com/mrinal,cosmosvaloper1nta8dt082qts2uldz2c2at6xmx8wpdwhld0mdh,cosmos1nta8dt082qts2uldz2c2at6xmx8wpdwh6emwpy,C52138599F1B1088F40339FA962DFA770236EB7A,0,2.0001000100010001,1,0.1,0,2,0,0
AirGap üõ°,,cosmosvaloper1n3f5lm7xtlrp05z9ud2xk2cnvk2xnzkm2he6er,cosmos1n3f5lm7xtlrp05z9ud2xk2cnvk2xnzkm0rd04s,B724CDAA69A47B90B18D0EA7FD5B046D537DA64A,0,1612.6700902299006469,0.0000000921731691,0.1,517,73,0,0
BlockPool.com,www.blockpool.com,cosmosvaloper1n5xufj0753hvhv6q09f5lh29s57epnrl59lpp6,cosmos1n5xufj0753hvhv6q09f5lh29s57epnrl33t5df,FF0AA09402915010F191B3FF44509EA659C744B7,0,1,1,0.02,0,0,0,0
Comdex,https://comdex.sg,cosmosvaloper1ncp4h8ckha4c6lel5wktclt4yrz4t896qawm7z,cosmos1ncp4h8ckha4c6lel5wktclt4yrz4t8969f6wj3,B9436B06D2DC28D296C9E7BDA65045A1DB11E8FD,0,24.2362484652261222,1,0.1,0,12,0,0
DeBank,,cosmosvaloper1wd8vquxza6svsvvnh489tdvg9vdjjfpepcfvf9,cosmos1wd8vquxza6svsvvnh489tdvg9vdjjfpeyvae9k,0D55A818EFE364935DDE091945CECF89367BF98B,0,1017.5148017431562161,1014.5145,0,78,6,0,0
discontinued,,cosmosvaloper1wrxkqna8w5ldl3twgmyne6fvt9hsfgmksrjwlj,cosmos1wrxkqna8w5ldl3twgmyne6fvt9hsfgmk4hxmnp,BC83BC245E878274FA27607081E7256B28CB6F21,0,2,2,0.2,0,0,0,0
Deactivated,,cosmosvaloper1d7ufwp2rgfj7s7pfw2q7vm2lc9txmr8vh77ztr,cosmos1d7ufwp2rgfj7s7pfw2q7vm2lc9txmr8vj22h8s,7FCBACCB12563C8823E8EBEC8C0DE580DD8C7F04,0,0.029746,0,0.2,1719,2,0,1
Gundam Stake,https://cross.technology,cosmosvaloper1dm9tz58y5mvw85yrjv7h979lnf9ckc445tzrzx,cosmos1dm9tz58y5mvw85yrjv7h979lnf9ckc443lkkw4,C7F6486FC8A368B3DF7A068BA457EED5C5935C3F,0,1,1,0.02,0,0,0,0
'','',cosmosvaloper1f6ne5ahjrrntmt88eunyatw2jj8w5rn2qmj6p2,cosmos1f6ne5ahjrrntmt88eunyatw2jj8w5rn290x0de,D676E58A74681BF499F55B5888D3BD962F1AF89C,0,22.180771,2,0.04,11,2,0,0
Laomedeia,,cosmosvaloper12r4rsw7s2vnccwealt5zu0kukdxgwamyltmrud,cosmos12r4rsw7s2vnccwealt5zu0kukdxgwamy6l0ks7,BB4B2EBE0A4AFD806E81E912B9C1DD75E98D8193,0,140,140,0.08,0,0,0,0
BlueStake üöÄ,https://bluestake.net,cosmosvaloper12xx74t5sx3vgyew7es9h8e9py4ttts6zcg3vxk,cosmos12xx74t5sx3vgyew7es9h8e9py4ttts6zau9e29,E5CA014849FB3FF730E2F77C5A31A467183AE7AB,0,3603.121105,1,0.01,77,139,-32.887387,2
test2,,cosmosvaloper12w5u5f0r27j0q0ywv5kwqslnc0yvza57qfezr4,cosmos12w5u5f0r27j0q0ywv5kwqslnc0yvza579adh0x,2949CEDF6EC4FB26C4A4D5384A97098230F7BEC1,0,0.0103,0,0,0,1,0,0
offline,,cosmosvaloper12knqu4ecmg0982plzs9m9f5jareh0cvegcw3wu,cosmos12knqu4ecmg0982plzs9m9f5jareh0cvedv6yz0,8AD0D3A96F4B24AAB71E77D32B4460A88FAB871C,0,1.014988,0,0.02,0,2,0,0
test,,cosmosvaloper12etdez5nurn9avdjrnuezzttck59s0spsx4xea,cosmos12etdez5nurn9avdjrnuezzttck59s0sp4jpn4w,ABAE807AD9F69E5A094C16E7BF0CBFCF3E628D6B,0,1,1,0.1,0,1,0,0
Cosmos-Validator.com,http://www.cosmos-validator.com/,cosmosvaloper1tpxs9gf9gg74mdu7ya4gxhr5560jsxnp4zq979,cosmos1tpxs9gf9gg74mdu7ya4gxhr5560jsxnpsk5sjk,57B4857D8EA5F444BCACEB94C2C9CF1232097F14,0,56.9563664912472287,1,0.09,63,6,0,0
KiKi Finance,,cosmosvaloper1tzp2tz0w2eld69jhmyvlalcrjez3tw9g3hzd00,cosmos1tzp2tz0w2eld69jhmyvlalcrjez3tw9g5rkcru,717BEE4F4E83F435DB6A967919A1F3396CD37A3D,0,1,1,1,0,0,0,0
SpaceTimeContinuum,,cosmosvaloper1tr5var87ga3fyy9d0r76uurpmkfm05rg37xacn,cosmos1tr5var87ga3fyy9d0r76uurpmkfm05rg52jg5q,8B4799EF81D9C437DD2F6C490D49456BA48B0FD6,0,1.0000200009192401,0.000000174580129,0.15,0,5,0,0
sm_1,,cosmosvaloper1t90c87f93r5qzc34l9vht665xf3mtk3ucmhtju,cosmos1t90c87f93r5qzc34l9vht665xf3mtk3ua0r770,87CAC2CB64D5C6CCC35ED713E9AE29BBF8ACD2B6,0,2,2,1,0,0,0,0
Public Payments,,cosmosvaloper1t00q7dp0wslx34kee4elz496ts2uqlwphz860l,cosmos1t00q7dp0wslx34kee4elz496ts2uqlwpjkn0rv,6C57B3F2F5FDC084F8D16AD3E7FE018A108A85A4,0,6.1987716082532417,0.0000008286915673,0,4,4,0,0
üò¥,,cosmosvaloper1tjwad66qx72xyr3ydcyascrgdyhee58y5x6zdc,cosmos1tjwad66qx72xyr3ydcyascrgdyhee58y3jwhpt,EDD6E361868B581088D1056241D2F941A854DFD7,0,1.536726,0,0.1,0,12,0.00005,1
bigone-pool,,cosmosvaloper1vzvx9zq9czxedvtsvwdtxuslsn67q2vmvr9wej,cosmos1vzvx9zq9czxedvtsvwdtxuslsn67q2vmfh3m4p,F268AAF89311C6EAF957B77DDA033B8494D178ED,0,1,1,0.1,0,1,0,0
ghost,,cosmosvaloper1vz0clw0mqw5cjvmk38hg6nakkmvwugxrrhjhkg,cosmos1vz0clw0mqw5cjvmk38hg6nakkmvwugxrxrxz6m,EC045C70B62217466BB7EB08BFE9F408CFB15D90,0,1.0001819886998868,0.000000238980531,0.1,0,5,0,0
SSSnodes,http://sssnodes.com/cosmos,cosmosvaloper1vrg6ruw00lhszl4sjgwt5ldvl8z0f7pfp5va85,cosmos1vrg6ruw00lhszl4sjgwt5ldvl8z0f7pfyqcgt8,B6D7360C27F1DC36DD9BFCF23037BE8B04429209,0,13766.7178361644303235,0.5,0.11,9184,60,0,0
PUPM√òS,,cosmosvaloper1vygmh344ldv9qefss9ek7ggsnxparljlmj56q5,cosmos1vygmh344ldv9qefss9ek7ggsnxparljl7xq0v8,6C50CC44B4F1DC32ABD2970D8ACECB204ACCEF85,0,10,10,0.05,0,0,0,0
blocktest,www.blockpool.com,cosmosvaloper1vsc7v43kmz7m8kpcxlwwjysa72k5u5gpknu57h,cosmos1vsc7v43kmz7m8kpcxlwwjysa72k5u5gpn8gpjy,38BAEEFAA4A999A3222263F105ED3F29227CE383,0,1,1,0.02,0,1,0,0
blocktest111,www.blockpool.com,cosmosvaloper1v34d48p2z8mttnly3n9es2aqsqkem9pr6f0fdy,cosmos1v34d48p2z8mttnly3n9es2aqsqkem9prlamuph,43C85EA69163377D520C8A361FE3D152818A970A,0,1,1,0.1,0,1,0,0
Simply VC Genesis,https://www.simply-vc.com.mt,cosmosvaloper1vjqault583hwktfj63k2hh7r02sj2a66fmvzqz,cosmos1vjqault583hwktfj63k2hh7r02sj2a66v0chv3,02A248C86C78ED6A824D510A8B7AA4C1D290D2DC,0,1.000016,0,0.1,0,2,0,0
Anonstake,https://www.anonstake.com,cosmosvaloper1vjn3559ncztu87qj8v4ryasgny7vjfx7jhxzu6,cosmos1vjn3559ncztu87qj8v4ryasgny7vjfx7hrjhsf,390AB5B8C4E31A629A179C8D288ADCB638DEA245,0,56.9476818654981859,0.0000008063092424,0.06,142,50,0,0
Dont Use,,cosmosvaloper1vk706z2tfnqhdg6jrkngyx7f463jq58nj0x7p7,cosmos1vk706z2tfnqhdg6jrkngyx7f463jq58nhmjtdd,412D552A7129C496AD4C3DAAA7CEF7089C73B140,0,410.7701285603114702,0.0000012760788904,0,437,186,0,0
test-pl-validator,,cosmosvaloper1vulhv3det93gr20dmm32zlt3y3qgx8srk0thaf,cosmos1vulhv3det93gr20dmm32zlt3y3qgx8srnmlz36,5DED707F99FF3AF8E9D3A6B92FB4947C0E5AF53A,0,2.1,1,0.1,0,1,0,0
deleteme,https://donthave.com,cosmosvaloper1dt4h3hn9zpxvm2t26erf96aaszp3va2wkq28ez,cosmos1dt4h3hn9zpxvm2t26erf96aaszp3va2wn57j43,B458B26E2FB4A732807C681868911A12A48D8C03,0,1.0000001900268562,1,0.07,0,3,0,0
gf.network,,cosmosvaloper1dse76yk5jmj85jsd77ewsczc4k3u4s7a870wtj,cosmos1dse76yk5jmj85jsd77ewsczc4k3u4s7az2mm8p,7674C7FE7960B486BA1052DA225F54119580EB74,0,21.0000030680161289,21,0.08,12360,11,0,0
O'Leary Labs,,cosmosvaloper1dcf60vccyvqewnnm7sq5prrrrd98fzwruj2ntp,cosmos1dcf60vccyvqewnnm7sq5prrrrd98fzwrex7x8j,8DA0B60BBC74558684FC5F35D52CA071F90E3334,0,4,3,1,0,2,0,0
hy-hydrogen,,cosmosvaloper1lapm2cq4qjrl4fm5xcftfhg245m63d307y6u7j,cosmos1lapm2cq4qjrl4fm5xcftfhg245m63d30mswfjp,E5C2AF993220B200C1C86E83BBE06A35F960B829,0,1,1,0.1,0,0,0,0
